Square_Footage,Num_Bedrooms,Num_Bathrooms,Year_Built,Lot_Size,Garage_Size,Neighborhood_Quality,House_Price
0.8913127323473802,-1.3763905525842426,1.2386879083743,1.2707068500478573,1.1758311914100965,-1.2146144948481525,-0.555229260015255,1.0200080410711105
-0.47353826442779984,-0.6613824733197009,-1.2020764431021536,-0.99812518562073,-1.7085192905199516,0.004062255835612509,-1.239289949972448,-0.8050746238771379
-0.2719677435517501,-1.3763905525842426,1.2386879083743,1.0293417398703482,-0.9495017716996995,-1.2146144948481525,1.4969528098563243,-0.2817497963468236
0.06641168506748196,-1.3763905525842426,-1.2020764431021536,0.4017924534088239,0.7782097689206757,0.004062255835612509,-0.21319891503665842,-0.018298787219568822
-0.9058220320896896,0.053625605944840754,-1.2020764431021536,-1.336036339869243,-0.37505127965786295,1.2227390065193775,-1.239289949972448,-1.067899904983263
1.5211194200645155,-0.6613824733197009,0.018305732636073282,-0.7567600754432208,-1.753036460785265,1.2227390065193775,0.8128921198991311,1.2227820753990148
-1.257963303499656,-1.3763905525842426,0.018305732636073282,0.7879766296928388,-1.142082194468575,1.2227390065193775,-0.555229260015255,-1.3584354330186723
-1.6392473008194126,-1.3763905525842426,0.018305732636073282,0.6914305856218351,-0.4859564124256495,-1.2146144948481525,1.4969528098563243,-1.712315385787505
-0.051778258900001005,-1.3763905525842426,-1.2020764431021536,-0.032664744910692815,1.0871191524058534,0.004062255835612509,0.8128921198991311,-0.13068408920667254
0.6638375662181836,-0.6613824733197009,1.2386879083743,-1.046398207656232,0.06809286818810477,-1.2146144948481525,-0.8972596049938515,0.44633770515854293
-0.3585864011169602,0.7686336852093825,0.018305732636073282,-0.9498521635852282,-1.6684089047352528,1.2227390065193775,1.4969528098563243,-0.40918914771080755
0.6937898122921347,-0.6613824733197009,-1.2020764431021536,1.6568910263318724,-0.5458065884760532,0.004062255835612509,-0.8972596049938515,0.7091100073543484
0.9463601035103175,0.053625605944840754,-1.2020764431021536,0.6914305856218351,-1.5305370569602998,-1.2146144948481525,0.8128921198991311,0.826029180554247
-0.8094891325545494,1.4836417644739242,1.2386879083743,1.0293417398703482,-1.3169110441115115,0.004062255835612509,-1.5813202949510445,-0.7077026054830566
0.5375524206090921,0.053625605944840754,0.018305732636073282,-0.8533061195142244,1.2167184928381483,1.2227390065193775,0.47086177492053466,0.611431673581781
-1.062868943936893,0.7686336852093825,-1.2020764431021536,1.07761476190585,0.1818359520274911,0.004062255835612509,-0.8972596049938515,-0.9577009506761881
1.250739685234794,1.4836417644739242,1.2386879083743,-0.9015791415497263,-0.8355607603249894,1.2227390065193775,-1.239289949972448,1.242525462651343
0.7893131916631141,-0.6613824733197009,-1.2020764431021536,-1.336036339869243,-0.20603130454530177,1.2227390065193775,-0.21319891503665842,0.5987063264675125
-0.11249227121206418,0.7686336852093825,0.018305732636073282,-0.032664744910692815,-0.20513249190644958,-1.2146144948481525,-0.555229260015255,-0.13308526894572803
1.282310971637067,1.4836417644739242,0.018305732636073282,-0.8050330974787225,0.6777134513332994,1.2227390065193775,-1.5813202949510445,1.342442321584724
-1.6546281839384687,-0.6613824733197009,1.2386879083743,1.5603449822608686,0.25232084061207544,-1.2146144948481525,0.8128921198991311,-1.489629994692146
-0.7730607251673114,0.053625605944840754,1.2386879083743,0.25697338730231833,-0.7892147196517217,0.004062255835612509,-1.239289949972448,-0.774572015558919
0.14331610066276199,-1.3763905525842426,1.2386879083743,0.4017924534088239,0.9942904937638661,0.004062255835612509,-0.8972596049938515,0.20673228307496258
-0.9082505925821721,-1.3763905525842426,-1.2020764431021536,0.6914305856218351,-0.4949824330979888,1.2227390065193775,1.1549224648777277,-0.9624398507250461
-1.431200618630076,-0.6613824733197009,1.2386879083743,-0.5153949652657114,-1.1852846526854137,-1.2146144948481525,0.1288314299419381,-1.5325877670248815
-0.5026809903375902,1.4836417644739242,0.018305732636073282,0.49833849747982767,-0.42228339153739913,-1.2146144948481525,-0.555229260015255,-0.3932787484588132
-1.6756757082066505,-0.6613824733197009,1.2386879083743,1.3189798720833592,-0.33888284427114884,0.004062255835612509,0.47086177492053466,-1.570719461733476
-1.4206768564959853,-0.6613824733197009,0.018305732636073282,-0.22575683305270025,1.4066865271294784,-1.2146144948481525,1.1549224648777277,-1.379517366177225
-0.40958617145909326,-1.3763905525842426,-1.2020764431021536,-1.2394902957982392,-1.4944528846594916,-1.2146144948481525,0.1288314299419381,-0.6775406553928468
-0.05015921857167932,-1.3763905525842426,1.2386879083743,0.739703607657337,1.0443485723545294,1.2227390065193775,0.8128921198991311,0.07726698659903958
1.1673591083262274,0.7686336852093825,0.018305732636073282,-1.046398207656232,1.2721219352699566,-1.2146144948481525,-0.555229260015255,1.1491668491216502
-0.503490510501751,0.7686336852093825,-1.2020764431021536,1.0293417398703482,1.480362114921941,1.2227390065193775,-1.5813202949510445,-0.3378784673986042
0.42017199680577,1.4836417644739242,1.2386879083743,-1.4325823839402467,-1.0076129092117003,1.2227390065193775,1.1549224648777277,0.2882566616521504
1.1705971889828708,0.053625605944840754,0.018305732636073282,-1.5774014500467524,-0.5475743509226141,0.004062255835612509,1.1549224648777277,0.9465055378387796
1.4142627583952843,0.7686336852093825,1.2386879083743,0.25697338730231833,-1.181293400762185,0.004062255835612509,-0.8972596049938515,1.3833877964597578
-0.9592503629243052,1.4836417644739242,0.018305732636073282,-1.5291284280112505,1.3446325003184387,0.004062255835612509,-0.21319891503665842,-0.8521409476770766
-1.0126786937589207,-1.3763905525842426,1.2386879083743,-0.12921078898169652,-0.20883884654247895,1.2227390065193775,0.1288314299419381,-1.0245987405102894
-1.0329166978629418,-0.6613824733197009,1.2386879083743,0.16042734323131463,-1.0646703704468103,1.2227390065193775,1.4969528098563243,-1.0530716682497243
1.6652140092851453,-1.3763905525842426,-1.2020764431021536,-1.287763317833741,-1.5468310334629611,-1.2146144948481525,-1.5813202949510445,1.2588107059980604
0.17407786690087398,-1.3763905525842426,-1.2020764431021536,0.8362496517283406,-0.13598523664037898,1.2227390065193775,1.1549224648777277,0.14729291386081791
0.4946478519085675,1.4836417644739242,-1.2020764431021536,0.015608277124809049,-0.8009193874248974,0.004062255835612509,0.8128921198991311,0.4994274567005862
-0.20234900943391768,1.4836417644739242,-1.2020764431021536,-0.032664744910692815,1.5361605269583611,1.2227390065193775,0.1288314299419381,0.08125930335459174
1.3422154637849693,0.7686336852093825,1.2386879083743,0.0638812991603109,0.6536261321459134,-1.2146144948481525,1.1549224648777277,1.4318999908720669
-1.8076274949648679,0.053625605944840754,-1.2020764431021536,1.367252894118861,-0.1827960086250958,-1.2146144948481525,1.4969528098563243,-1.6870466854476815
-0.9009649111047245,1.4836417644739242,0.018305732636073282,1.6086180042963705,-1.3777185378948804,1.2227390065193775,1.4969528098563243,-0.7674659342137977
-1.2692965857979077,-1.3763905525842426,-1.2020764431021536,-1.6739474941177561,-0.2357469710561994,-1.2146144948481525,-1.239289949972448,-1.592930726925419
0.8977888936606669,-1.3763905525842426,-1.2020764431021536,-0.660214031372217,0.6743054791194247,-1.2146144948481525,-0.21319891503665842,0.736082587160118
0.34488662153881167,-0.6613824733197009,-1.2020764431021536,-0.9015791415497263,0.09186182740299777,0.004062255835612509,-1.239289949972448,0.1191135900016029
0.4404100009097911,1.4836417644739242,0.018305732636073282,-0.8050330974787225,0.28450325454487374,-1.2146144948481525,1.1549224648777277,0.45321746148704606
-1.5016288729120695,0.7686336852093825,-1.2020764431021536,0.9810687178348463,-1.330901262413734,-1.2146144948481525,-0.21319891503665842,-1.5030729659943782
-0.462204982129548,0.053625605944840754,0.018305732636073282,1.0293417398703482,-1.5731397473175839,1.2227390065193775,0.8128921198991311,-0.4956400569696586
-1.6287235386853216,0.7686336852093825,-1.2020764431021536,1.415525916154363,-0.2773277413731198,1.2227390065193775,-1.239289949972448,-1.4801539689231502
-0.23149173534370798,0.053625605944840754,-1.2020764431021536,0.16042734323131463,-1.6049823341751501,-1.2146144948481525,-1.5813202949510445,-0.3982488384546307
0.5650761061905608,0.7686336852093825,1.2386879083743,0.739703607657337,-1.6414182265050747,1.2227390065193775,-0.8972596049938515,0.5606825612476024
-1.0652975044293755,1.4836417644739242,1.2386879083743,-0.7567600754432208,-0.6407047726869473,0.004062255835612509,0.8128921198991311,-1.0819681215121397
1.5356907830194106,1.4836417644739242,1.2386879083743,-0.4188489211947077,0.1887556820944788,1.2227390065193775,-0.8972596049938515,1.6034742150797758
-1.401248372556125,0.7686336852093825,1.2386879083743,-0.99812518562073,-0.64690122495523,0.004062255835612509,1.4969528098563243,-1.4842101076809497
-1.2612013841562992,1.4836417644739242,1.2386879083743,1.125887783941352,0.8609942678592233,1.2227390065193775,-1.239289949972448,-0.9638104898729983
1.1754543099678358,-1.3763905525842426,0.018305732636073282,0.25697338730231833,1.6929345980699766,0.004062255835612509,0.8128921198991311,1.2552475888850054
0.17974450804999986,-1.3763905525842426,0.018305732636073282,-1.1912172737627376,-0.5788482456847441,1.2227390065193775,-0.21319891503665842,0.00043163849110828216
-0.7997748905846193,1.4836417644739242,1.2386879083743,1.367252894118861,0.44075761217866594,0.004062255835612509,1.4969528098563243,-0.5163756428530675
-1.124392476413117,0.7686336852093825,0.018305732636073282,1.6568910263318724,0.45433906302551796,-1.2146144948481525,-0.8972596049938515,-0.8992784031691439
0.1765064273933565,0.053625605944840754,0.018305732636073282,0.8845226737638425,1.4501223899915856,1.2227390065193775,-0.21319891503665842,0.43140565618141774
0.14736370148356617,-0.6613824733197009,-1.2020764431021536,0.4500654754443258,-0.23937000734778252,-1.2146144948481525,0.47086177492053466,0.12892826131311838
-1.2960107512152155,1.4836417644739242,0.018305732636073282,0.9810687178348463,-1.4433211188685557,0.004062255835612509,1.4969528098563243,-1.1587041629228996
-0.3504911994753518,1.4836417644739242,-1.2020764431021536,-1.046398207656232,-0.32005850064969393,1.2227390065193775,0.47086177492053466,-0.37594988166177107
-0.7317751967951085,1.4836417644739242,-1.2020764431021536,-1.6739474941177561,-1.1261782503804054,0.004062255835612509,-0.21319891503665842,-0.9315699817082402
-0.2242060538662604,1.4836417644739242,-1.2020764431021536,-1.8187665602242618,1.0977136450202973,0.004062255835612509,1.4969528098563243,-0.1676579652238711
-0.5658235631421358,0.053625605944840754,-1.2020764431021536,-1.0946712296917338,-1.0637599655922467,0.004062255835612509,-0.21319891503665842,-0.7778957993541478
-1.653009143610147,-0.6613824733197009,-1.2020764431021536,-0.37057589915920586,-0.8995507802445794,1.2227390065193775,0.1288314299419381,-1.7761069970557601
-1.4004388523919642,-0.6613824733197009,0.018305732636073282,-1.1429442517272357,1.6596844344167139,1.2227390065193775,1.4969528098563243,-1.4134673515444396
-0.5868710874103177,-0.6613824733197009,1.2386879083743,-0.032664744910692815,1.0247174306786873,-1.2146144948481525,0.1288314299419381,-0.5352588912826353
0.5132668156842669,1.4836417644739242,1.2386879083743,0.4017924534088239,0.6091958424376593,0.004062255835612509,-0.21319891503665842,0.7091272412999597
0.6233615580101414,0.7686336852093825,-1.2020764431021536,1.4637989381898648,-0.598293011924277,0.004062255835612509,-1.5813202949510445,0.6418471474970088
0.7593609455891629,1.4836417644739242,-1.2020764431021536,0.015608277124809049,-0.0696453611698377,1.2227390065193775,1.4969528098563243,0.7984062900707759
-0.9730122057150394,0.053625605944840754,1.2386879083743,-1.3843093619047449,1.6940887877733615,0.004062255835612509,-0.8972596049938515,-0.9625577510939873
-1.5591048045674893,1.4836417644739242,1.2386879083743,-0.1774838110171984,-1.2796009793123104,1.2227390065193775,0.47086177492053466,-1.4849016370928083
-1.7728181279059516,1.4836417644739242,1.2386879083743,-0.8050330974787225,-0.5291590256317734,0.004062255835612509,1.4969528098563243,-1.6948498168649055
-0.5132047524716811,1.4836417644739242,1.2386879083743,-0.8533061195142244,0.8516603936950289,1.2227390065193775,0.47086177492053466,-0.3424332569298745
0.5156953761767494,0.053625605944840754,1.2386879083743,-0.5153949652657114,0.599161659219557,-1.2146144948481525,-1.5813202949510445,0.5062030736364577
0.4234100774624134,0.053625605944840754,-1.2020764431021536,-1.6256744720822542,0.7785252607430854,0.004062255835612509,1.4969528098563243,0.3496459904407158
-1.0458690204895154,-0.6613824733197009,1.2386879083743,1.2707068500478573,0.8029987073199131,0.004062255835612509,-0.21319891503665842,-0.9564523528686949
-1.2199158557840963,0.7686336852093825,0.018305732636073282,-1.0946712296917338,-0.6488927099439917,1.2227390065193775,1.1549224648777277,-1.3225221522667678
-0.7738702453314723,0.7686336852093825,0.018305732636073282,1.3189798720833592,-0.7262210085545132,0.004062255835612509,0.8128921198991311,-0.6918347871839119
0.2299347582279721,-1.3763905525842426,0.018305732636073282,0.5466115195153295,-0.9855646324064701,-1.2146144948481525,0.1288314299419381,0.06047044871714984
-0.4751573047561215,-0.6613824733197009,1.2386879083743,1.5120719602253667,-0.9216532390027656,0.004062255835612509,-0.21319891503665842,-0.40527931487266267
1.2394064029365424,1.4836417644739242,0.018305732636073282,-0.1774838110171984,-0.43290422706770615,1.2227390065193775,-0.8972596049938515,1.239943379822676
-0.9114886732388154,0.053625605944840754,0.018305732636073282,0.4017924534088239,-1.4484384852869063,0.004062255835612509,-0.8972596049938515,-0.9810537750829837
1.1082641363424859,1.4836417644739242,1.2386879083743,0.3535194313733221,0.3325485784118565,1.2227390065193775,0.8128921198991311,1.2688856313132748
-1.318677315811719,-0.6613824733197009,1.2386879083743,1.6568910263318724,-0.6255460458616543,1.2227390065193775,1.1549224648777277,-1.1756788828505693
0.17407786690087398,-1.3763905525842426,1.2386879083743,-1.5291284280112505,0.6276172783847441,-1.2146144948481525,-0.555229260015255,0.06864070865067655
-0.050968738735840166,0.053625605944840754,0.018305732636073282,-1.8187665602242618,-1.231301028027162,-1.2146144948481525,-1.239289949972448,-0.2806250937185107
0.8977888936606669,-0.6613824733197009,0.018305732636073282,0.3052464093378202,-0.9991605480033808,-1.2146144948481525,1.1549224648777277,0.7464994973898507
-1.1308686377264037,-0.6613824733197009,0.018305732636073282,-0.7084870534077189,0.30170283079947874,0.004062255835612509,-0.555229260015255,-1.2181844728772635
-0.10034946874965155,0.053625605944840754,1.2386879083743,-1.046398207656232,-1.5952484653412315,-1.2146144948481525,1.1549224648777277,-0.3158483713744934
-0.5642045228138142,0.7686336852093825,0.018305732636073282,-0.46712194323020956,0.5399778105033936,0.004062255835612509,0.8128921198991311,-0.5426263115500629
1.8004038767000061,-0.6613824733197009,-1.2020764431021536,0.4017924534088239,-1.6183916544916808,1.2227390065193775,-1.5813202949510445,1.658637750484948
-1.257963303499656,-1.3763905525842426,1.2386879083743,1.415525916154363,-0.6952348242451831,0.004062255835612509,-1.239289949972448,-1.2169994791499679
-0.25011069911940736,-0.6613824733197009,-1.2020764431021536,-1.2394902957982392,0.8947829095509173,0.004062255835612509,1.4969528098563243,-0.34360562582529275
-1.0491071011461586,1.4836417644739242,-1.2020764431021536,-0.2740298550882021,-1.216539083612487,-1.2146144948481525,-0.8972596049938515,-1.0721015506795881
1.4547387666033265,-0.6613824733197009,0.018305732636073282,0.11215432119581277,1.0318350506504053,0.004062255835612509,-0.555229260015255,1.5295578078628986
-0.47353826442779984,0.053625605944840754,1.2386879083743,-1.6739474941177561,-0.4918586307555091,1.2227390065193775,-0.21319891503665842,-0.5532287036096111
-0.8766793061798992,1.4836417644739242,1.2386879083743,0.015608277124809049,0.9615637837799386,0.004062255835612509,0.8128921198991311,-0.6742309089901581
-0.8200128946886402,-0.6613824733197009,0.018305732636073282,0.49833849747982767,-1.4366610871718435,1.2227390065193775,-0.555229260015255,-0.8418338738618304
-0.11734939219702922,-1.3763905525842426,1.2386879083743,-0.8050330974787225,0.49967045339950744,-1.2146144948481525,-0.555229260015255,-0.19017329523507395
0.08179256818653796,-1.3763905525842426,0.018305732636073282,-0.08093776694619467,-1.4180167793367713,0.004062255835612509,1.4969528098563243,-0.10937409448955333
-0.7568703218840946,0.7686336852093825,1.2386879083743,0.9327956957993444,-1.3208258855567512,0.004062255835612509,-0.21319891503665842,-0.7075860721215805
-0.7900606486146892,-0.6613824733197009,-1.2020764431021536,-0.1774838110171984,-0.2582427796427817,-1.2146144948481525,-0.21319891503665842,-1.0159918080372956
-0.8961077901197595,0.053625605944840754,0.018305732636073282,-1.287763317833741,0.6850555596771342,0.004062255835612509,-0.555229260015255,-1.008597402554817
1.210263677026752,-0.6613824733197009,-1.2020764431021536,-0.46712194323020956,0.4995241399607308,-1.2146144948481525,1.1549224648777277,1.1398122818134904
-0.33591983652045665,0.053625605944840754,0.018305732636073282,0.16042734323131463,0.6304259514685422,1.2227390065193775,-1.5813202949510445,-0.32934768110887097
-1.3308201182741317,1.4836417644739242,0.018305732636073282,-1.8187665602242618,-0.11678106269875056,1.2227390065193775,-1.239289949972448,-1.3685686737812268
0.7310277398435334,0.7686336852093825,-1.2020764431021536,0.3535194313733221,1.1593370439155195,1.2227390065193775,1.4969528098563243,0.9178753961855826
0.999788434344933,0.053625605944840754,-1.2020764431021536,1.07761476190585,-1.3169705156992833,0.004062255835612509,1.4969528098563243,1.00329173659367
-0.7487751202424862,0.053625605944840754,-1.2020764431021536,-0.5153949652657114,-1.1627836949241679,0.004062255835612509,-0.555229260015255,-0.816549636470038
1.5308336620344456,-1.3763905525842426,1.2386879083743,-0.032664744910692815,1.3908551301807033,1.2227390065193775,0.1288314299419381,1.6478511641762852
-1.17539224675525,0.053625605944840754,0.018305732636073282,-0.322302877123704,-0.0034353504934294126,-1.2146144948481525,0.47086177492053466,-1.2026337135047545
-0.5196809137849678,0.053625605944840754,-1.2020764431021536,-1.287763317833741,0.721580943586869,0.004062255835612509,-1.239289949972448,-0.6192013517343038
-0.16592060204667977,-1.3763905525842426,1.2386879083743,-0.8050330974787225,-0.26847131423194925,1.2227390065193775,0.1288314299419381,-0.28376087581168685
1.6967852956874183,-0.6613824733197009,1.2386879083743,-0.22575683305270025,1.525369336490442,-1.2146144948481525,1.1549224648777277,1.7513291752039344
1.2847395321295496,-0.6613824733197009,0.018305732636073282,1.415525916154363,-0.7744720752965742,1.2227390065193775,-0.21319891503665842,1.305264226711847
-0.1149208317045467,1.4836417644739242,-1.2020764431021536,0.6431575635863332,1.1157928435002438,-1.2146144948481525,-0.555229260015255,0.06327832014195364
0.3886007104034972,-1.3763905525842426,0.018305732636073282,0.8362496517283406,1.3303940816846886,0.004062255835612509,1.4969528098563243,0.5234949435014385
0.6905517316354913,0.7686336852093825,-1.2020764431021536,-0.46712194323020956,-0.41599879404202883,-1.2146144948481525,-0.21319891503665842,0.5173720205888032
-1.2361062590673133,-1.3763905525842426,0.018305732636073282,-1.7704935381887599,0.6475767040261132,-1.2146144948481525,0.8128921198991311,-1.3875035152944797
0.4889812107594416,0.7686336852093825,0.018305732636073282,0.5948845415508314,-0.9213675915674912,-1.2146144948481525,-1.5813202949510445,0.5079562272474639
-1.2458205010372434,0.7686336852093825,0.018305732636073282,-1.3843093619047449,0.1892056834995351,1.2227390065193775,0.1288314299419381,-1.2871896790436024
0.4897907309236025,1.4836417644739242,-1.2020764431021536,-0.08093776694619467,-0.21127080916118826,-1.2146144948481525,-0.555229260015255,0.4984032716214348
1.2596444070405635,0.7686336852093825,-1.2020764431021536,0.8845226737638425,0.05518650463812286,-1.2146144948481525,0.47086177492053466,1.318214988495182
-0.8499651407625914,-1.3763905525842426,0.018305732636073282,-1.2394902957982392,1.2179653475799934,-1.2146144948481525,0.47086177492053466,-0.9025469339319048
-1.740437321339518,-1.3763905525842426,-1.2020764431021536,-0.2740298550882021,-0.3231431766188058,-1.2146144948481525,-0.21319891503665842,-1.848244806499867
0.8645985669300724,0.053625605944840754,0.018305732636073282,-1.4325823839402467,0.9751080649960917,1.2227390065193775,1.1549224648777277,0.7878621365564755
0.8233130385578694,0.7686336852093825,-1.2020764431021536,1.6086180042963705,0.8120080013823564,0.004062255835612509,-0.21319891503665842,1.0447898797207913
1.6142142389430123,0.7686336852093825,1.2386879083743,0.5948845415508314,-0.22597786328062897,1.2227390065193775,-0.555229260015255,1.727221944535661
-0.9722026855508786,0.053625605944840754,1.2386879083743,0.16042734323131463,0.3769494641157484,-1.2146144948481525,0.8128921198991311,-0.9690225158693054
0.5237905778183578,0.7686336852093825,-1.2020764431021536,0.8845226737638425,0.23135848324150818,-1.2146144948481525,0.8128921198991311,0.5553429802834692
1.389167633306298,0.053625605944840754,-1.2020764431021536,-0.8050330974787225,-0.8100391753474022,0.004062255835612509,-1.5813202949510445,1.2467685856863728
0.6484566830991275,-0.6613824733197009,1.2386879083743,1.6568910263318724,0.9241442277252356,0.004062255835612509,-1.239289949972448,0.8376089262769785
-1.0920116698466833,-0.6613824733197009,1.2386879083743,0.4017924534088239,0.4099519091285094,-1.2146144948481525,0.8128921198991311,-1.0244711760454464
-0.05582585972080522,-0.6613824733197009,1.2386879083743,-0.22575683305270025,-1.2877697867768452,1.2227390065193775,-0.555229260015255,-0.15169313418027464
0.10526865294720239,-1.3763905525842426,1.2386879083743,-1.0946712296917338,0.9795576403197633,1.2227390065193775,0.47086177492053466,0.06380832941523715
-1.6246759378645175,-0.6613824733197009,-1.2020764431021536,1.125887783941352,-0.7236692137316796,1.2227390065193775,-0.8972596049938515,-1.5910518811586387
1.195692314071857,-0.6613824733197009,1.2386879083743,-0.7084870534077189,0.6713280798717836,-1.2146144948481525,-1.5813202949510445,1.2687122171740464
-1.0134882139230816,-0.6613824733197009,-1.2020764431021536,-0.660214031372217,-0.8772259267985087,-1.2146144948481525,0.1288314299419381,-1.2333649288161774
1.4199293995444102,1.4836417644739242,1.2386879083743,0.9810687178348463,1.4046067254239192,1.2227390065193775,-1.239289949972448,1.7216546484920972
0.527838178639162,0.053625605944840754,0.018305732636073282,-1.2394902957982392,1.2842257140899196,1.2227390065193775,-0.21319891503665842,0.5712039027587577
0.3303152585839165,1.4836417644739242,1.2386879083743,0.7879766296928388,0.997434554739943,0.004062255835612509,-0.555229260015255,0.5415234937278396
-0.7398703984367169,-0.6613824733197009,1.2386879083743,1.5603449822608686,0.2036803164568472,1.2227390065193775,0.8128921198991311,-0.5498752626443594
1.184359031773605,0.053625605944840754,-1.2020764431021536,-1.7704935381887599,0.2480610087573832,0.004062255835612509,1.1549224648777277,1.062194704161901
0.8370748813486037,-0.6613824733197009,1.2386879083743,-1.5774014500467524,-0.23486540677158244,0.004062255835612509,-1.5813202949510445,0.6987039565538344
0.4379814404173086,0.053625605944840754,-1.2020764431021536,-0.46712194323020956,1.2300677118511119,-1.2146144948481525,1.1549224648777277,0.3927397482798709
1.1754543099678358,-1.3763905525842426,1.2386879083743,0.5466115195153295,0.5254087426199826,0.004062255835612509,-1.5813202949510445,1.1931696492569943
1.7534517071786773,0.053625605944840754,-1.2020764431021536,1.3189798720833592,1.5662119840976827,1.2227390065193775,0.47086177492053466,1.9473546928520775
0.4566004041930079,0.053625605944840754,1.2386879083743,-0.9015791415497263,-1.4736493943362983,1.2227390065193775,-1.5813202949510445,0.3142872553646885
1.2224064794891647,1.4836417644739242,-1.2020764431021536,1.3189798720833592,-1.5513268643555245,0.004062255835612509,0.47086177492053466,1.2711278933069419
1.4142627583952843,0.7686336852093825,1.2386879083743,0.9810687178348463,1.681918210927843,-1.2146144948481525,-0.555229260015255,1.7479959475030178
0.7350753406643377,0.053625605944840754,-1.2020764431021536,-0.22575683305270025,-0.48075105959603054,1.2227390065193775,-0.555229260015255,0.6788693662641678
-0.9641074839092703,0.053625605944840754,0.018305732636073282,-0.46712194323020956,-1.4292891411704123,0.004062255835612509,0.8128921198991311,-1.0731914753159586
-0.4711097039353173,0.7686336852093825,0.018305732636073282,-0.322302877123704,0.9205355174300817,1.2227390065193775,-0.21319891503665842,-0.4204438110880917
-0.21934893288129534,0.053625605944840754,0.018305732636073282,1.2707068500478573,-0.7150161433396021,1.2227390065193775,1.1549224648777277,-0.23048556870903808
0.20807771379562937,0.7686336852093825,-1.2020764431021536,0.6431575635863332,1.3409942884688946,0.004062255835612509,1.1549224648777277,0.35530646766148355
0.05264984227674764,0.7686336852093825,-1.2020764431021536,0.6431575635863332,0.3150290442840098,0.004062255835612509,0.1288314299419381,0.18708052866540437
0.9536457849877651,-0.6613824733197009,0.018305732636073282,-0.8050330974787225,1.636170820672036,-1.2146144948481525,0.8128921198991311,0.9481611271169309
-0.46463354262203055,0.7686336852093825,-1.2020764431021536,0.4017924534088239,1.5369889882653738,-1.2146144948481525,0.1288314299419381,-0.3171380760764495
-1.1842969685610194,1.4836417644739242,0.018305732636073282,-0.9498521635852282,1.6287043328569148,1.2227390065193775,0.1288314299419381,-1.0072086284598456
-0.5642045228138142,0.053625605944840754,1.2386879083743,1.1741608059768538,0.1372205067782471,1.2227390065193775,0.47086177492053466,-0.33482524569736793
-0.431443215891436,-0.6613824733197009,0.018305732636073282,-0.12921078898169652,0.47657106345364414,1.2227390065193775,1.4969528098563243,-0.4057602836567264
1.8020229170283277,-1.3763905525842426,0.018305732636073282,-1.4808554059757486,1.4309595668116446,0.004062255835612509,0.1288314299419381,1.7160107614143378
-0.0015880087220287884,1.4836417644739242,0.018305732636073282,0.20870036526681648,1.0634878214642505,-1.2146144948481525,-0.21319891503665842,0.17255677060981955
0.3861721499110147,-1.3763905525842426,-1.2020764431021536,0.739703607657337,1.2361103461154432,0.004062255835612509,1.4969528098563243,0.46771219146512777
-0.852393701255074,-0.6613824733197009,1.2386879083743,0.9810687178348463,0.7973662091855246,-1.2146144948481525,1.4969528098563243,-0.7114408475631564
1.0354073215680102,-1.3763905525842426,1.2386879083743,-0.46712194323020956,0.3430406790285246,0.004062255835612509,0.47086177492053466,1.014910891542251
-0.960059883088466,0.053625605944840754,1.2386879083743,0.20870036526681648,-0.888415804695432,-1.2146144948481525,-1.239289949972448,-1.0663969436524972
0.9309792203912615,-1.3763905525842426,-1.2020764431021536,0.015608277124809049,-1.4773939384333874,1.2227390065193775,0.47086177492053466,0.6842424033854991
-0.5982043697085695,-0.6613824733197009,1.2386879083743,-0.99812518562073,-0.7618714136009344,1.2227390065193775,-1.239289949972448,-0.700471036215287
0.7366943809926594,-1.3763905525842426,-1.2020764431021536,1.415525916154363,1.6136594105859197,0.004062255835612509,1.1549224648777277,0.7893646208930319
1.1082641363424859,-0.6613824733197009,1.2386879083743,1.415525916154363,-0.5062387088972067,-1.2146144948481525,-0.8972596049938515,1.1394631803761586
-1.5283430383293772,0.7686336852093825,-1.2020764431021536,0.4017924534088239,-1.5932639676987939,1.2227390065193775,-0.555229260015255,-1.569045496080476
-1.7056279542806017,-1.3763905525842426,-1.2020764431021536,1.367252894118861,0.6428779360880519,-1.2146144948481525,0.1288314299419381,-1.6232945565766232
-0.09468282760052564,-0.6613824733197009,-1.2020764431021536,0.8845226737638425,0.669676874882991,-1.2146144948481525,0.47086177492053466,-0.05053245668837108
1.6700711302701103,-1.3763905525842426,0.018305732636073282,1.07761476190585,-0.16475157578086688,1.2227390065193775,-0.555229260015255,1.6718795798101949
-0.7827749671372416,-0.6613824733197009,0.018305732636073282,0.7879766296928388,0.47906301486084746,1.2227390065193775,1.4969528098563243,-0.6635034071191958
-0.3075866307748272,-1.3763905525842426,0.018305732636073282,0.16042734323131463,-0.6527817821883726,1.2227390065193775,-1.5813202949510445,-0.40143965098475404
-0.33268175586381327,0.7686336852093825,0.018305732636073282,0.5466115195153295,-0.17459921261204878,0.004062255835612509,1.4969528098563243,-0.2019766877985282
1.7105471384781525,-0.6613824733197009,0.018305732636073282,-1.722220516153258,1.1269538473106402,-1.2146144948481525,1.4969528098563243,1.5800430603037916
1.2385968827723814,0.053625605944840754,0.018305732636073282,-1.4808554059757486,0.3929005384747015,1.2227390065193775,-1.239289949972448,1.2027635272130723
-1.0159167744155642,0.053625605944840754,0.018305732636073282,0.739703607657337,0.6879139698289087,-1.2146144948481525,-0.21319891503665842,-0.8785436304463407
-1.4198673363318244,-1.3763905525842426,-1.2020764431021536,-0.5153949652657114,1.5410525443415912,0.004062255835612509,0.47086177492053466,-1.4426070013682781
1.0248835594339192,0.053625605944840754,0.018305732636073282,0.3535194313733221,0.3612929328148058,1.2227390065193775,0.1288314299419381,1.1191972950222422
1.3778343510080464,1.4836417644739242,0.018305732636073282,-1.5774014500467524,0.9476177384990006,1.2227390065193775,0.1288314299419381,1.5315979313927193
0.651694763755771,-0.6613824733197009,0.018305732636073282,-1.4808554059757486,-0.7283014634256453,0.004062255835612509,1.4969528098563243,0.4456568287281814
0.3181724561215039,0.053625605944840754,0.018305732636073282,-0.660214031372217,-1.0945770775762882,-1.2146144948481525,0.1288314299419381,0.14432037077132673
0.4711717671479031,0.7686336852093825,1.2386879083743,-0.08093776694619467,-0.579441384783997,0.004062255835612509,-0.21319891503665842,0.518542431712171
-1.0612499036085712,-1.3763905525842426,-1.2020764431021536,-0.22575683305270025,-0.17191291392718813,-1.2146144948481525,0.1288314299419381,-1.2475532123907913
0.7480276632909111,-1.3763905525842426,0.018305732636073282,-1.5774014500467524,1.5093475786468853,-1.2146144948481525,1.4969528098563243,0.5953574899309789
1.066169087806122,0.053625605944840754,1.2386879083743,-1.4325823839402467,0.27682319829801716,1.2227390065193775,0.8128921198991311,0.9948193341953799
-0.7762988058239548,-1.3763905525842426,1.2386879083743,-0.9498521635852282,0.940354926040358,0.004062255835612509,-0.21319891503665842,-0.8278075002192837
0.12955425787202765,1.4836417644739242,0.018305732636073282,-0.5153949652657114,0.18176853223250408,-1.2146144948481525,-0.555229260015255,0.15842880516024763
0.933407780883744,0.053625605944840754,1.2386879083743,0.6914305856218351,0.40871671014247907,1.2227390065193775,1.4969528098563243,1.086832300485074
-1.5421048811201117,-0.6613824733197009,-1.2020764431021536,1.1741608059768538,-0.034945259513161825,1.2227390065193775,0.47086177492053466,-1.498039996630895
0.04779272129178259,0.053625605944840754,1.2386879083743,1.5603449822608686,-1.5691581933168435,1.2227390065193775,-1.5813202949510445,0.0927527745348847
-0.7779178461522765,-1.3763905525842426,0.018305732636073282,0.6431575635863332,-0.14402821399240837,-1.2146144948481525,-1.239289949972448,-0.7563177426301787
0.8378844015127647,-0.6613824733197009,0.018305732636073282,-0.6119410093367151,0.9626209856284911,1.2227390065193775,-0.555229260015255,0.8274773806379702
0.5132668156842669,1.4836417644739242,-1.2020764431021536,1.2224338280123555,-1.362385202682487,1.2227390065193775,-1.239289949972448,0.58829073308155
0.28983925037587444,1.4836417644739242,-1.2020764431021536,-0.8533061195142244,0.10775239051732173,0.004062255835612509,1.1549224648777277,0.23359881348090866
0.2801250084059443,1.4836417644739242,0.018305732636073282,0.5466115195153295,0.7956912740761812,0.004062255835612509,-1.239289949972448,0.4881274504590464
-1.1365352788755296,0.7686336852093825,-1.2020764431021536,-0.5153949652657114,1.2850290278068595,0.004062255835612509,-1.5813202949510445,-1.07683725742501
0.7196944575452816,-0.6613824733197009,0.018305732636073282,1.6568910263318724,1.3727683945397067,0.004062255835612509,1.1549224648777277,0.9870389048334062
-0.6532517408715068,0.7686336852093825,-1.2020764431021536,-0.5153949652657114,1.1655116471764964,0.004062255835612509,0.1288314299419381,-0.5721356281372741
0.9528362648236042,1.4836417644739242,1.2386879083743,0.11215432119581277,-0.22275252964951753,1.2227390065193775,0.8128921198991311,1.0819564803580535
1.4887386134980818,0.7686336852093825,0.018305732636073282,0.11215432119581277,-1.66632421791067,1.2227390065193775,0.8128921198991311,1.460433770168922
-1.7914370916816509,0.053625605944840754,0.018305732636073282,-1.6256744720822542,-0.9477972515251387,1.2227390065193775,0.1288314299419381,-1.9538843211824062
0.3869816700751755,1.4836417644739242,0.018305732636073282,-1.8187665602242618,-0.9697923892385112,1.2227390065193775,1.4969528098563243,0.34359009241511157
0.6492662032632883,0.053625605944840754,1.2386879083743,-1.0946712296917338,-0.0943067492894817,1.2227390065193775,0.8128921198991311,0.6391413541745725
1.7825944330884675,-0.6613824733197009,1.2386879083743,1.0293417398703482,0.0738267003887249,0.004062255835612509,-0.21319891503665842,1.8218280897818333
-1.5639619255524544,1.4836417644739242,1.2386879083743,0.739703607657337,0.8744649667818704,1.2227390065193775,-1.239289949972448,-1.2589106750865613
0.9965503536882897,0.7686336852093825,0.018305732636073282,-0.5636679873012133,1.5653644418059758,-1.2146144948481525,0.8128921198991311,1.02924496593465
-1.6756757082066505,-1.3763905525842426,1.2386879083743,-0.5153949652657114,1.0141262135502365,0.004062255835612509,1.1549224648777277,-1.627372372494121
-0.10601610989877744,0.7686336852093825,-1.2020764431021536,1.6568910263318724,0.931783792703163,0.004062255835612509,0.8128921198991311,0.1459463252451383
1.5445955048251798,-0.6613824733197009,-1.2020764431021536,1.3189798720833592,1.5702672128195732,-1.2146144948481525,0.47086177492053466,1.696536989991698
0.5925997917720294,1.4836417644739242,-1.2020764431021536,1.6086180042963705,0.5764348266133293,0.004062255835612509,-0.21319891503665842,0.7805201591864471
-1.1616304039645158,0.7686336852093825,-1.2020764431021536,0.8845226737638425,-0.7732665792978038,-1.2146144948481525,0.47086177492053466,-1.1659869562955152
-1.2134396944708097,1.4836417644739242,1.2386879083743,-1.6256744720822542,0.24602390008275962,1.2227390065193775,0.8128921198991311,-1.1523126886625057
0.29793445201748286,1.4836417644739242,0.018305732636073282,0.015608277124809049,-1.6050688089406027,1.2227390065193775,1.1549224648777277,0.21772567239682267
1.7477850660295513,-0.6613824733197009,-1.2020764431021536,0.25697338730231833,1.5113927738242117,-1.2146144948481525,0.8128921198991311,1.7296967932557366
-1.0636784641010537,0.7686336852093825,1.2386879083743,-0.8533061195142244,0.6162471312848246,-1.2146144948481525,-0.555229260015255,-0.9684297167100161
-0.411205211787415,-1.3763905525842426,0.018305732636073282,1.415525916154363,-0.34339953942362017,-1.2146144948481525,0.1288314299419381,-0.39821564129251463
1.4247865205293753,0.7686336852093825,0.018305732636073282,-1.7704935381887599,-1.3739490736656037,-1.2146144948481525,0.47086177492053466,1.1563786521056432
1.0475501240304228,-1.3763905525842426,-1.2020764431021536,-1.722220516153258,-0.40695115766438084,-1.2146144948481525,0.1288314299419381,0.7124702350342005
-0.24201549747779894,-0.6613824733197009,0.018305732636073282,1.2707068500478573,-1.3863153436442728,0.004062255835612509,0.47086177492053466,-0.27627265170555637
-0.8710126650307733,0.7686336852093825,1.2386879083743,1.125887783941352,-0.7877753023508833,1.2227390065193775,-1.239289949972448,-0.7279249565058395
-1.3494390820498312,1.4836417644739242,1.2386879083743,1.4637989381898648,-0.3257988380294044,-1.2146144948481525,-1.5813202949510445,-1.164044330446549
-1.7906275715174902,-0.6613824733197009,-1.2020764431021536,-1.2394902957982392,-0.9430388377181561,-1.2146144948481525,-1.239289949972448,-1.9905571246922866
1.2758348103237802,0.053625605944840754,1.2386879083743,-1.5774014500467524,0.3715696663195058,0.004062255835612509,-1.5813202949510445,1.1602957510949838
-0.27277726371591093,-0.6613824733197009,-1.2020764431021536,0.11215432119581277,-1.7159771171702347,1.2227390065193775,1.4969528098563243,-0.4484759590876895
0.9147888171080446,0.053625605944840754,0.018305732636073282,0.4017924534088239,0.714689271382688,-1.2146144948481525,1.4969528098563243,0.9123720195761701
-0.08658762595891722,1.4836417644739242,1.2386879083743,-0.032664744910692815,1.0887180403561678,0.004062255835612509,-0.21319891503665842,0.16271193201325904
-1.4975812720912653,-1.3763905525842426,0.018305732636073282,0.20870036526681648,0.6032096547131924,1.2227390065193775,-0.555229260015255,-1.4316557063250568
-0.5617759623213316,-0.6613824733197009,1.2386879083743,-1.1912172737627376,0.5624795881343121,-1.2146144948481525,0.8128921198991311,-0.6817387022750203
0.836265361184443,1.4836417644739242,0.018305732636073282,0.3535194313733221,1.6600345800239902,0.004062255835612509,-1.5813202949510445,1.115503939164113
0.6889326913071696,0.053625605944840754,0.018305732636073282,0.8845226737638425,-0.33696985323909395,-1.2146144948481525,-1.5813202949510445,0.7364718819903358
0.35783894416538514,-0.6613824733197009,1.2386879083743,-1.7704935381887599,1.4895913731005577,-1.2146144948481525,-0.8972596049938515,0.3398935083066193
-0.3351103163562958,0.053625605944840754,1.2386879083743,-1.5291284280112505,0.9871288048206596,0.004062255835612509,-0.21319891503665842,-0.2992967686445796
-0.17077772303164482,0.7686336852093825,-1.2020764431021536,-0.22575683305270025,1.5678136771411777,1.2227390065193775,0.8128921198991311,-0.006377381192147354
-0.2719677435517501,0.053625605944840754,1.2386879083743,-0.032664744910692815,-1.3314918150814945,0.004062255835612509,-0.21319891503665842,-0.41363981233519653
0.6476471629349667,0.053625605944840754,1.2386879083743,-0.7567600754432208,0.3307373187055278,1.2227390065193775,1.1549224648777277,0.6802397941092176
-1.0952497505033267,1.4836417644739242,-1.2020764431021536,0.4017924534088239,0.6945874526797859,1.2227390065193775,1.1549224648777277,-0.9479507647619433
-1.0345357381912634,0.7686336852093825,0.018305732636073282,1.0293417398703482,-1.5330498181713612,-1.2146144948481525,1.4969528098563243,-1.0460396043373048
-0.5423474783814715,1.4836417644739242,0.018305732636073282,-1.6256744720822542,0.8623781847790453,0.004062255835612509,0.47086177492053466,-0.5116723772164555
-0.07039722267570038,0.7686336852093825,-1.2020764431021536,-0.12921078898169652,0.868681015596534,1.2227390065193775,-0.8972596049938515,-0.036341365780984854
0.8443605628260513,-0.6613824733197009,-1.2020764431021536,-0.322302877123704,1.1578813030945754,1.2227390065193775,-0.21319891503665842,0.8472522895000412
0.37483886761276286,0.053625605944840754,-1.2020764431021536,1.125887783941352,0.15494665348945452,1.2227390065193775,0.47086177492053466,0.4992402999624027
0.6678851670389877,-1.3763905525842426,0.018305732636073282,1.367252894118861,0.6812328346068183,-1.2146144948481525,1.1549224648777277,0.6747002310768707
-0.06068298070577027,-1.3763905525842426,1.2386879083743,-1.3843093619047449,-1.310634720735091,-1.2146144948481525,0.47086177492053466,-0.3355187868639732
-1.555866723910846,-1.3763905525842426,-1.2020764431021536,0.6431575635863332,0.597760019536556,-1.2146144948481525,0.1288314299419381,-1.5463964040896385
-1.6230568975361959,-0.6613824733197009,1.2386879083743,1.6568910263318724,0.45814401518461095,-1.2146144948481525,1.4969528098563243,-1.4888089732070238
-0.2833010258500019,0.7686336852093825,-1.2020764431021536,0.739703607657337,0.9004781484770842,1.2227390065193775,0.8128921198991311,-0.11607488389607197
-1.2555347430071735,0.7686336852093825,0.018305732636073282,-0.7084870534077189,0.25946647125632366,0.004062255835612509,-1.5813202949510445,-1.2401982335319535
0.6387424411291974,0.7686336852093825,1.2386879083743,-0.9498521635852282,1.7161293190880955,0.004062255835612509,1.4969528098563243,0.7502869354566153
-1.0296786172062984,0.053625605944840754,0.018305732636073282,-0.08093776694619467,-0.5356882148451614,1.2227390065193775,-1.5813202949510445,-1.0493851842683628
0.9593124261368909,-1.3763905525842426,0.018305732636073282,0.015608277124809049,1.7340737237150743,0.004062255835612509,1.1549224648777277,1.0634217374516601
1.4296436415143403,-0.6613824733197009,-1.2020764431021536,-0.8050330974787225,0.0738760604467926,0.004062255835612509,0.1288314299419381,1.3256032425369888
0.9083126557947578,0.7686336852093825,-1.2020764431021536,-0.8533061195142244,-0.6467536098351355,1.2227390065193775,-1.5813202949510445,0.7486673452711433
-0.9066315522538504,-0.6613824733197009,0.018305732636073282,-0.4188489211947077,-1.70386263690214,-1.2146144948481525,1.1549224648777277,-1.1725879526092995
-0.3448245583262259,0.053625605944840754,0.018305732636073282,0.5948845415508314,-1.166924106900802,1.2227390065193775,1.4969528098563243,-0.3665321316261946
1.1374068622522762,1.4836417644739242,1.2386879083743,-1.5291284280112505,0.026656391841948034,0.004062255835612509,1.4969528098563243,1.141209641946101
0.32950573841975567,-1.3763905525842426,-1.2020764431021536,-0.5636679873012133,1.735279692860045,-1.2146144948481525,-0.21319891503665842,0.2763562706262986
0.8726937685716808,0.053625605944840754,-1.2020764431021536,1.2707068500478573,1.737784577701054,1.2227390065193775,0.47086177492053466,1.1148489894608895
-1.7323421196979094,-0.6613824733197009,-1.2020764431021536,-0.99812518562073,-0.09689324284991699,-1.2146144948481525,-1.239289949972448,-1.9326759741459483
-0.3593959212811211,0.053625605944840754,1.2386879083743,0.16042734323131463,-0.9706420450034307,1.2227390065193775,-0.21319891503665842,-0.3905705070519826
1.1398354227447587,-1.3763905525842426,1.2386879083743,-1.2394902957982392,0.5388165081518281,0.004062255835612509,1.4969528098563243,0.9580743733965345
-0.6532517408715068,0.7686336852093825,-1.2020764431021536,-0.7567600754432208,-1.6379398530804825,0.004062255835612509,-0.8972596049938515,-0.806727284732878
1.4814529320206342,0.053625605944840754,0.018305732636073282,1.367252894118861,0.7170739321949682,-1.2146144948481525,1.1549224648777277,1.5904995771618025
0.1975539516615384,0.7686336852093825,1.2386879083743,-0.1774838110171984,-0.6795672384797815,0.004062255835612509,-1.5813202949510445,0.1958595078315844
1.6044999969730822,0.053625605944840754,0.018305732636073282,-0.8533061195142244,0.8391048775990876,0.004062255835612509,0.1288314299419381,1.5938230561312845
0.45093376304388205,1.4836417644739242,-1.2020764431021536,1.4637989381898648,-0.5792583627146298,1.2227390065193775,0.47086177492053466,0.6023249429851302
-1.278201307603677,1.4836417644739242,1.2386879083743,1.5603449822608686,-0.9717143132684588,1.2227390065193775,-0.8972596049938515,-1.0676538468667847
0.0882687294998247,0.053625605944840754,0.018305732636073282,1.125887783941352,1.140117532389914,0.004062255835612509,1.4969528098563243,0.21708958112255014
-0.3561578406244777,0.7686336852093825,1.2386879083743,0.8362496517283406,1.4415590981413546,-1.2146144948481525,-1.5813202949510445,-0.09487108371576597
1.6814044125683623,0.053625605944840754,-1.2020764431021536,-1.722220516153258,-0.6420220112571534,1.2227390065193775,-0.21319891503665842,1.4824536875815975
-0.8289176164944095,-1.3763905525842426,1.2386879083743,1.6086180042963705,-0.4461917990035301,-1.2146144948481525,-1.239289949972448,-0.9101711605458276
0.9868361117183596,0.053625605944840754,-1.2020764431021536,0.9810687178348463,-1.7464174820171081,1.2227390065193775,-0.21319891503665842,0.87374455271517
-0.508347631486716,-1.3763905525842426,-1.2020764431021536,0.5466115195153295,-1.6774155437842773,-1.2146144948481525,1.4969528098563243,-0.7453285670044438
0.5505047432356657,1.4836417644739242,1.2386879083743,1.6086180042963705,1.1722074691447733,1.2227390065193775,-0.8972596049938515,0.8850079203732648
0.8087416756029743,1.4836417644739242,-1.2020764431021536,-0.37057589915920586,-0.43153445498238674,-1.2146144948481525,-0.21319891503665842,0.7119155926168829
-0.18453956582237913,0.7686336852093825,1.2386879083743,0.8845226737638425,-1.004981076022926,-1.2146144948481525,0.8128921198991311,-0.14673097928195689
0.692170771963813,-1.3763905525842426,1.2386879083743,-1.046398207656232,-0.20587459595365176,-1.2146144948481525,0.47086177492053466,0.5008079344266742
-0.9268695563578715,0.053625605944840754,0.018305732636073282,-1.6256744720822542,-0.5846128315994386,0.004062255835612509,-1.239289949972448,-1.1355909756845204
1.8044514775208103,1.4836417644739242,-1.2020764431021536,0.739703607657337,-0.6968574459917687,-1.2146144948481525,0.8128921198991311,1.8445442194211596
0.5739808279963301,1.4836417644739242,0.018305732636073282,-1.8187665602242618,-1.2781266771283677,1.2227390065193775,1.1549224648777277,0.41165382232913206
0.28255356889842687,0.7686336852093825,1.2386879083743,0.6431575635863332,-0.7262578573385506,0.004062255835612509,-0.8972596049938515,0.34770480436091994
-0.18534908598653999,1.4836417644739242,1.2386879083743,-0.9498521635852282,-1.5424271791061563,-1.2146144948481525,-1.239289949972448,-0.23130455496623303
-0.7301561564667868,-0.6613824733197009,-1.2020764431021536,-1.336036339869243,-1.0673201424082543,-1.2146144948481525,0.47086177492053466,-0.9699306052382425
0.7779799093648623,-0.6613824733197009,-1.2020764431021536,-0.1774838110171984,-0.882722628824044,-1.2146144948481525,0.1288314299419381,0.6483327021505494
-0.5115857121433594,0.053625605944840754,1.2386879083743,0.4017924534088239,0.993695369248494,0.004062255835612509,-0.21319891503665842,-0.30499837575720695
-0.46463354262203055,1.4836417644739242,-1.2020764431021536,-0.9498521635852282,0.7023393810460129,-1.2146144948481525,1.4969528098563243,-0.4477843575771236
-0.7269180758101434,1.4836417644739242,-1.2020764431021536,1.5603449822608686,1.5299494294123777,0.004062255835612509,-1.5813202949510445,-0.3936432948998085
-1.0693451052501797,-1.3763905525842426,0.018305732636073282,1.07761476190585,-1.4393674751241103,-1.2146144948481525,1.1549224648777277,-1.1719777807967
-1.1073925529657394,-0.6613824733197009,0.018305732636073282,0.739703607657337,-0.8431878329895935,-1.2146144948481525,-0.8972596049938515,-1.1960226470678452
-1.427153017809272,0.7686336852093825,-1.2020764431021536,0.015608277124809049,-0.21937403701750163,1.2227390065193775,-0.21319891503665842,-1.3576000603787677
-0.6451565392298984,0.7686336852093825,0.018305732636073282,-1.722220516153258,1.2884214256824382,1.2227390065193775,0.8128921198991311,-0.6236993068599286
0.19026827018409082,1.4836417644739242,0.018305732636073282,1.2707068500478573,-0.25077494309366166,-1.2146144948481525,-0.555229260015255,0.3237847369514697
0.07693544720157292,-1.3763905525842426,0.018305732636073282,-0.9498521635852282,1.5644819608444258,-1.2146144948481525,-1.239289949972448,0.017458815254911535
0.4007435128659098,-0.6613824733197009,1.2386879083743,1.3189798720833592,-1.4565994939012525,0.004062255835612509,-0.8972596049938515,0.34691761814929645
-1.5210573568519297,-1.3763905525842426,1.2386879083743,-0.7567600754432208,0.40958536771691534,-1.2146144948481525,-0.8972596049938515,-1.5731116357918455
0.1514113023043704,1.4836417644739242,-1.2020764431021536,-0.8533061195142244,-0.8576215509522468,0.004062255835612509,-0.555229260015255,0.07451774451777009
-0.9778693267000045,-1.3763905525842426,-1.2020764431021536,0.739703607657337,-0.18175098131243164,0.004062255835612509,-0.555229260015255,-0.9784854050431578
-0.975440766207522,-1.3763905525842426,-1.2020764431021536,0.739703607657337,0.4109083406081801,-1.2146144948481525,-1.239289949972448,-0.9543626449993071
-0.10034946874965155,0.053625605944840754,-1.2020764431021536,-1.1429442517272357,1.4476429065685943,-1.2146144948481525,-0.21319891503665842,-0.14539906426923488
0.8799794500491284,-0.6613824733197009,-1.2020764431021536,-0.660214031372217,0.3993196756338302,0.004062255835612509,0.8128921198991311,0.8073014556983025
0.9560743454802476,-1.3763905525842426,-1.2020764431021536,1.415525916154363,-0.7815850926646525,-1.2146144948481525,-0.21319891503665842,0.8568989680914624
-1.5906760909697621,0.7686336852093825,0.018305732636073282,0.11215432119581277,0.6814709667046814,0.004062255835612509,-0.555229260015255,-1.4883481679822446
1.1147402976557728,0.053625605944840754,0.018305732636073282,-1.8187665602242618,-1.0086529054334827,1.2227390065193775,-0.8972596049938515,0.9000927435723728
0.6735518081881137,-1.3763905525842426,-1.2020764431021536,-0.322302877123704,-0.5461565852415464,0.004062255835612509,0.8128921198991311,0.44687530288167354
-1.2458205010372434,-0.6613824733197009,-1.2020764431021536,-1.6739474941177561,0.4344491693489519,1.2227390065193775,-1.239289949972448,-1.358153148971789
-0.975440766207522,-0.6613824733197009,1.2386879083743,-0.99812518562073,-1.0687086259639702,0.004062255835612509,1.4969528098563243,-1.0153047875841785
1.518690859572033,-1.3763905525842426,1.2386879083743,1.5120719602253667,1.400666518409072,1.2227390065193775,-0.8972596049938515,1.6472763198339841
-1.2255824969332223,1.4836417644739242,-1.2020764431021536,-0.660214031372217,0.39559592875975164,-1.2146144948481525,-0.8972596049938515,-1.2523678543866106
-0.33430079619213493,0.053625605944840754,1.2386879083743,0.8362496517283406,0.63910676752864,0.004062255835612509,-0.8972596049938515,-0.21221420825035972
0.7965988731405617,1.4836417644739242,1.2386879083743,-0.7084870534077189,0.7964952022027567,1.2227390065193775,-1.5813202949510445,0.9208665719466487
1.513024218422907,0.7686336852093825,-1.2020764431021536,-0.9015791415497263,0.6920369725870215,1.2227390065193775,0.47086177492053466,1.5041497061299987
-0.1497301987634629,0.053625605944840754,0.018305732636073282,-0.2740298550882021,0.9051726040688015,0.004062255835612509,0.1288314299419381,-0.08693866545448128
0.6573614049048968,1.4836417644739242,-1.2020764431021536,-0.4188489211947077,0.07374629704621484,-1.2146144948481525,0.47086177492053466,0.6259134971500829
-0.9131077135671372,-0.6613824733197009,0.018305732636073282,0.9810687178348463,-0.37416100696591303,0.004062255835612509,1.1549224648777277,-0.8569567013757607
-0.16349204155419725,0.7686336852093825,-1.2020764431021536,-0.032664744910692815,-1.57022006831689,-1.2146144948481525,-1.239289949972448,-0.3269752708990574
0.6371234008008757,-0.6613824733197009,0.018305732636073282,0.3052464093378202,-1.5299534063615643,0.004062255835612509,1.1549224648777277,0.49960602896644835
-0.17158724319580565,0.7686336852093825,1.2386879083743,0.015608277124809049,0.1995580073708251,1.2227390065193775,-0.21319891503665842,-0.026974097972106603
0.8815984903774501,-0.6613824733197009,1.2386879083743,1.2707068500478573,-1.1838191145224437,1.2227390065193775,-0.21319891503665842,0.8601872783398679
0.5666951465188824,1.4836417644739242,1.2386879083743,-1.6739474941177561,0.8816885823454048,0.004062255835612509,-0.555229260015255,0.6055088361181131
0.8921222525115411,0.7686336852093825,-1.2020764431021536,1.0293417398703482,0.40708620563307313,0.004062255835612509,-1.5813202949510445,1.077585166300512
-1.1462495208454597,0.053625605944840754,0.018305732636073282,0.20870036526681648,-1.576215676794747,-1.2146144948481525,1.4969528098563243,-1.1581146940053837
-0.23634885632867303,1.4836417644739242,0.018305732636073282,1.125887783941352,1.1499265077906988,-1.2146144948481525,-0.8972596049938515,-0.06114932802680065
-1.2903441100660897,0.053625605944840754,-1.2020764431021536,-0.7084870534077189,0.6200568121747998,0.004062255835612509,0.1288314299419381,-1.2835731036877887
-0.22096797320961703,0.053625605944840754,-1.2020764431021536,0.11215432119581277,1.0540990986838201,0.004062255835612509,-0.8972596049938515,-0.12168301776911256
1.5089766176021029,0.053625605944840754,-1.2020764431021536,0.8362496517283406,1.6995455419139056,0.004062255835612509,1.1549224648777277,1.6249636415884714
-0.5552998010080449,-1.3763905525842426,-1.2020764431021536,-1.046398207656232,0.8621254337033054,-1.2146144948481525,-0.21319891503665842,-0.7376078335115804
0.6371234008008757,1.4836417644739242,0.018305732636073282,0.9810687178348463,0.35325780855867306,1.2227390065193775,-1.5813202949510445,0.8692041625829297
0.784456070678149,-1.3763905525842426,-1.2020764431021536,-1.5774014500467524,1.7169805597100647,-1.2146144948481525,0.47086177492053466,0.595968463266714
1.4029294760970326,0.7686336852093825,-1.2020764431021536,0.4017924534088239,-0.7322442788249216,-1.2146144948481525,-1.5813202949510445,1.323077224908213
0.9536457849877651,1.4836417644739242,1.2386879083743,0.5948845415508314,-0.3064866966179496,0.004062255835612509,0.8128921198991311,1.004090745594962
0.7035040542620649,0.053625605944840754,0.018305732636073282,1.5603449822608686,-0.9979278938935999,1.2227390065193775,-0.8972596049938515,0.8374673935609374
-1.370486606318013,-0.6613824733197009,1.2386879083743,-0.08093776694619467,-0.012577933178287353,-1.2146144948481525,0.1288314299419381,-1.4301962631753555
-1.0887735891900399,-1.3763905525842426,-1.2020764431021536,-1.4325823839402467,1.6191413252779927,0.004062255835612509,-1.5813202949510445,-1.1840410066371991
0.6346948403083932,-0.6613824733197009,0.018305732636073282,-0.8533061195142244,0.15684634097758288,-1.2146144948481525,-0.8972596049938515,0.5239237229669362
1.1398354227447587,0.053625605944840754,-1.2020764431021536,-0.7567600754432208,-0.09965460092191789,0.004062255835612509,1.1549224648777277,1.0424680600420155
-1.4546767033907406,0.7686336852093825,0.018305732636073282,-0.322302877123704,-0.3218749525608009,0.004062255835612509,-1.5813202949510445,-1.402225778847893
0.008935753412062162,-1.3763905525842426,-1.2020764431021536,0.16042734323131463,0.5613832599048495,0.004062255835612509,1.4969528098563243,-0.01568500511686935
-0.1780634045090924,0.7686336852093825,0.018305732636073282,-0.08093776694619467,0.744465420386917,1.2227390065193775,0.8128921198991311,-0.09282135937083988
1.466881569065739,-0.6613824733197009,1.2386879083743,0.8362496517283406,-0.1294271755694285,-1.2146144948481525,1.4969528098563243,1.5125158921892088
-1.6716281073858463,1.4836417644739242,1.2386879083743,-0.8050330974787225,-1.7439883292252676,0.004062255835612509,-0.21319891503665842,-1.7024256054000788
0.23398235904877632,-0.6613824733197009,1.2386879083743,1.4637989381898648,1.212326817117554,1.2227390065193775,-0.8972596049938515,0.5055137105246273
1.3405964234566476,-1.3763905525842426,-1.2020764431021536,-1.0946712296917338,0.8608390309006148,-1.2146144948481525,-0.21319891503665842,1.1153270373499424
1.574547750899131,0.053625605944840754,0.018305732636073282,-0.12921078898169652,-0.14702274968273019,-1.2146144948481525,-1.239289949972448,1.4690385106189052
-1.3745342071388171,1.4836417644739242,-1.2020764431021536,-1.4808554059757486,-1.5014249510836881,0.004062255835612509,-0.21319891503665842,-1.499532146214689
-0.9770598065358437,-1.3763905525842426,-1.2020764431021536,0.5466115195153295,0.6622235315875913,-1.2146144948481525,1.1549224648777277,-0.998486450593686
-0.37639584472849874,1.4836417644739242,0.018305732636073282,-1.4808554059757486,-0.4332513105153179,1.2227390065193775,-0.8972596049938515,-0.4294947551977867
-0.960059883088466,-1.3763905525842426,0.018305732636073282,0.3052464093378202,0.03965236034012207,-1.2146144948481525,-0.555229260015255,-1.0032846492951535
-0.24039645714947724,-0.6613824733197009,1.2386879083743,-0.660214031372217,0.97711411659952,-1.2146144948481525,-0.555229260015255,-0.2645163293389421
-1.0029644517889906,0.7686336852093825,-1.2020764431021536,-1.336036339869243,-0.30743359486216104,-1.2146144948481525,1.1549224648777277,-1.1446355361033158
-0.8289176164944095,0.7686336852093825,1.2386879083743,0.9810687178348463,-0.1409804934081957,-1.2146144948481525,-0.21319891503665842,-0.6951311336659918
0.23722043970541967,0.053625605944840754,-1.2020764431021536,-0.9015791415497263,0.11442503251567263,1.2227390065193775,0.1288314299419381,0.11595894023430336
-0.8491556205984306,1.4836417644739242,1.2386879083743,0.015608277124809049,0.2876440274684254,-1.2146144948481525,0.1288314299419381,-0.7382823636283704
1.0232645191055976,0.7686336852093825,0.018305732636073282,0.9327956957993444,1.1838678363374882,-1.2146144948481525,-0.555229260015255,1.162162264342464
0.04860224145594343,-0.6613824733197009,0.018305732636073282,1.2224338280123555,1.366013425437002,1.2227390065193775,-0.8972596049938515,0.12588938154364304
0.3610770248220285,0.7686336852093825,0.018305732636073282,-1.8187665602242618,0.17746678217577183,1.2227390065193775,1.4969528098563243,0.22405422567358851
0.38212454909021043,-1.3763905525842426,-1.2020764431021536,-1.5774014500467524,-0.5859599936381101,0.004062255835612509,-1.239289949972448,0.11662659929770396
-0.35534832046031684,-0.6613824733197009,-1.2020764431021536,-0.9498521635852282,1.2920291960646781,0.004062255835612509,1.1549224648777277,-0.326292800543229
0.29064877054003524,-0.6613824733197009,-1.2020764431021536,1.2707068500478573,0.35072227536917056,-1.2146144948481525,-1.5813202949510445,0.39522207630032374
-0.3391579171771,0.7686336852093825,1.2386879083743,0.6914305856218351,1.4937526660294704,1.2227390065193775,-0.21319891503665842,-0.0581482178443946
-1.288725069737768,0.7686336852093825,0.018305732636073282,-0.46712194323020956,1.494741381849791,-1.2146144948481525,0.47086177492053466,-1.195222189684991
0.26555364545104915,0.7686336852093825,0.018305732636073282,-1.046398207656232,0.11518185593230147,-1.2146144948481525,-0.555229260015255,0.2463901711911146
0.5213620173258753,-1.3763905525842426,1.2386879083743,1.2707068500478573,-1.5207059884020733,1.2227390065193775,-1.239289949972448,0.4426810163031999
-1.2919631503944113,0.053625605944840754,-1.2020764431021536,-1.4325823839402467,-1.612939501781265,0.004062255835612509,0.1288314299419381,-1.6099581847810887
1.5575478274517534,-1.3763905525842426,0.018305732636073282,-0.12921078898169652,0.19437001389663158,1.2227390065193775,0.8128921198991311,1.4488076651247936
1.645785525345285,-1.3763905525842426,-1.2020764431021536,-0.660214031372217,1.4205550442673789,1.2227390065193775,-1.5813202949510445,1.6348464849645035
0.9528362648236042,-0.6613824733197009,1.2386879083743,-0.322302877123704,-1.0600824691112816,1.2227390065193775,1.4969528098563243,0.8509041651147
1.0791214104326956,-0.6613824733197009,-1.2020764431021536,-1.5291284280112505,-0.6312298691689537,0.004062255835612509,-1.5813202949510445,0.8016347265762863
1.795546755715041,-1.3763905525842426,0.018305732636073282,0.11215432119581277,-0.8996977092393431,0.004062255835612509,-0.21319891503665842,1.690744426112861
0.09636393114143313,1.4836417644739242,-1.2020764431021536,-1.4808554059757486,0.13496163144180148,1.2227390065193775,-0.21319891503665842,0.04026901376516973
1.3219774596809484,0.053625605944840754,-1.2020764431021536,1.415525916154363,1.372625645985086,1.2227390065193775,-1.5813202949510445,1.511710918633876
0.43636240008898686,0.7686336852093825,1.2386879083743,-0.46712194323020956,-0.7887721693725988,0.004062255835612509,0.8128921198991311,0.3948181941094753
1.3721677098589204,0.7686336852093825,0.018305732636073282,1.367252894118861,0.34795741520322077,0.004062255835612509,-0.555229260015255,1.6050974429990592
-0.16753964237500144,0.7686336852093825,0.018305732636073282,1.3189798720833592,0.8120860897813268,-1.2146144948481525,-1.239289949972448,0.051225299098827705
0.8556938451243031,0.053625605944840754,0.018305732636073282,-0.8050330974787225,0.2060527457025734,1.2227390065193775,0.8128921198991311,0.8019124246617145
-0.7147752733477308,0.7686336852093825,-1.2020764431021536,-1.4808554059757486,-0.5117354744301005,1.2227390065193775,0.47086177492053466,-0.7804639398730967
1.4369293229917879,0.053625605944840754,-1.2020764431021536,0.4017924534088239,0.728576512710833,-1.2146144948481525,-1.5813202949510445,1.4780874474514036
0.09555441097727228,-1.3763905525842426,1.2386879083743,-0.08093776694619467,0.23493742321973796,1.2227390065193775,-1.239289949972448,0.06373204353722074
-0.024254573318532372,-0.6613824733197009,1.2386879083743,0.4500654754443258,1.1200791817872195,-1.2146144948481525,-0.8972596049938515,0.11376518518930585
-0.19506332795647008,1.4836417644739242,0.018305732636073282,-0.46712194323020956,-0.06375627049901625,1.2227390065193775,0.1288314299419381,-0.16872957293287727
-0.3626340019377644,-0.6613824733197009,0.018305732636073282,0.49833849747982767,-1.4567491451830084,-1.2146144948481525,-1.5813202949510445,-0.4302665988123158
-0.22906317485122546,0.053625605944840754,0.018305732636073282,0.8845226737638425,-0.6695767205306533,0.004062255835612509,-1.5813202949510445,-0.18820852768337112
-1.668390026729203,0.053625605944840754,1.2386879083743,-0.08093776694619467,0.3412499709061021,0.004062255835612509,1.4969528098563243,-1.6394238432902357
-1.4514386227340972,-0.6613824733197009,0.018305732636073282,-0.08093776694619467,-0.33148597723330114,1.2227390065193775,-1.5813202949510445,-1.5000445857480007
-0.8912506691347944,0.053625605944840754,1.2386879083743,1.0293417398703482,-0.08444908728851898,1.2227390065193775,1.4969528098563243,-0.788946685646399
0.37888646843356705,0.053625605944840754,0.018305732636073282,-0.4188489211947077,-1.488308682708811,-1.2146144948481525,-1.239289949972448,0.18569381980408797
1.5526907064667883,1.4836417644739242,0.018305732636073282,1.415525916154363,-1.4405345414103066,1.2227390065193775,-1.5813202949510445,1.6251538433572452
-1.2701061059620686,-1.3763905525842426,1.2386879083743,0.6914305856218351,1.4911317649623532,1.2227390065193775,-1.5813202949510445,-1.100008046519404
1.7712611507902156,-1.3763905525842426,-1.2020764431021536,-0.8533061195142244,-0.6651959742481367,1.2227390065193775,0.1288314299419381,1.5445102587605752
1.0758833297760522,-1.3763905525842426,-1.2020764431021536,-0.2740298550882021,-0.019863679145106127,1.2227390065193775,-1.239289949972448,0.8687563169329584
-1.6449139419685386,1.4836417644739242,0.018305732636073282,-0.7084870534077189,0.5109105372491863,-1.2146144948481525,1.1549224648777277,-1.6424465700875523
-1.298439311707698,-0.6613824733197009,-1.2020764431021536,-0.5636679873012133,-0.1353678582276478,-1.2146144948481525,-0.21319891503665842,-1.4609716797614742
1.697594815851579,-0.6613824733197009,0.018305732636073282,0.4500654754443258,-1.3205263111274106,1.2227390065193775,-1.239289949972448,1.516046915821811
0.527838178639162,-0.6613824733197009,1.2386879083743,0.5466115195153295,1.0678111484205133,0.004062255835612509,1.4969528098563243,0.6537520915275021
-0.0898257066155606,1.4836417644739242,0.018305732636073282,0.9810687178348463,-0.21167187154023576,0.004062255835612509,0.47086177492053466,0.04089043243900639
0.40964823467167905,0.053625605944840754,1.2386879083743,-1.8187665602242618,1.2286740244126493,-1.2146144948481525,1.4969528098563243,0.31624073795754193
0.7067421349187082,-0.6613824733197009,0.018305732636073282,0.8845226737638425,-0.7328522257268504,-1.2146144948481525,-1.239289949972448,0.7166753764888496
-0.5196809137849678,-0.6613824733197009,-1.2020764431021536,1.1741608059768538,1.374979340404469,0.004062255835612509,-1.239289949972448,-0.3804152832276762
0.1360304191853144,0.7686336852093825,0.018305732636073282,1.2224338280123555,-1.7171385239164672,0.004062255835612509,1.1549224648777277,0.19073880368426202
1.0224549989414367,0.7686336852093825,-1.2020764431021536,0.7879766296928388,-1.3934151912158352,-1.2146144948481525,-1.5813202949510445,0.9426154809512745
1.636880803539516,0.053625605944840754,0.018305732636073282,-0.9498521635852282,-0.6493845496939877,1.2227390065193775,-0.555229260015255,1.5161779475894466
1.7817849129243066,0.7686336852093825,1.2386879083743,0.3052464093378202,-1.4984767465600208,0.004062255835612509,0.1288314299419381,1.7380540689199677
1.0807404507610172,-1.3763905525842426,-1.2020764431021536,-0.6119410093367151,-0.7311293172679949,1.2227390065193775,-0.555229260015255,0.9185992363008681
-0.15215875925594544,-0.6613824733197009,1.2386879083743,1.07761476190585,-0.04745287553590568,0.004062255835612509,-0.21319891503665842,-0.021921130036520606
0.969836188270982,-1.3763905525842426,0.018305732636073282,-0.5153949652657114,1.7334862490609149,-1.2146144948481525,-1.239289949972448,0.9488424615305503
0.4039815935225532,1.4836417644739242,0.018305732636073282,-0.22575683305270025,0.7381636488133999,1.2227390065193775,0.47086177492053466,0.5157061558965702
1.3924057139629415,0.053625605944840754,0.018305732636073282,-0.5636679873012133,1.5830282635172384,0.004062255835612509,0.47086177492053466,1.4506566150743743
-0.7576798420482554,0.7686336852093825,1.2386879083743,1.07761476190585,-1.5998344080020601,0.004062255835612509,1.1549224648777277,-0.7063823664534431
1.5211194200645155,-1.3763905525842426,0.018305732636073282,1.367252894118861,-1.2740430125842463,-1.2146144948481525,1.1549224648777277,1.4240199879602606
1.4393578834842704,-1.3763905525842426,1.2386879083743,-0.8533061195142244,1.2345565213136271,1.2227390065193775,0.47086177492053466,1.458149422512152
-0.0898257066155606,0.053625605944840754,-1.2020764431021536,-0.2740298550882021,0.340745393261045,0.004062255835612509,0.47086177492053466,-0.20011251546043324
1.579404871884096,-1.3763905525842426,-1.2020764431021536,1.367252894118861,0.24082687167091865,1.2227390065193775,0.1288314299419381,1.4887900259334177
-0.2525392596118899,0.053625605944840754,0.018305732636073282,-1.6739474941177561,1.7082811862855998,-1.2146144948481525,1.4969528098563243,-0.32758082858825416
0.5788379489812951,0.053625605944840754,0.018305732636073282,0.5466115195153295,0.013254234686213747,-1.2146144948481525,0.8128921198991311,0.6644796934341559
-0.054206819392483535,1.4836417644739242,1.2386879083743,-1.0946712296917338,0.27088764688220324,1.2227390065193775,-0.555229260015255,0.03442743300255576
-1.7169612365788536,-1.3763905525842426,-1.2020764431021536,-1.5291284280112505,-0.35178927605172494,1.2227390065193775,-0.555229260015255,-1.8514445107173272
0.7706942278874147,0.7686336852093825,0.018305732636073282,1.367252894118861,-0.3930036438027827,0.004062255835612509,1.4969528098563243,0.8768280977732015
1.5462145451535017,0.7686336852093825,1.2386879083743,-1.1429442517272357,-0.5800644057250942,0.004062255835612509,-1.5813202949510445,1.423969362253889
-1.2077730533216837,-0.6613824733197009,0.018305732636073282,-0.4188489211947077,0.1510463205934756,-1.2146144948481525,1.4969528098563243,-1.251940659946929
0.46307656550629467,-0.6613824733197009,1.2386879083743,-1.287763317833741,0.30320568303845774,-1.2146144948481525,-0.21319891503665842,0.4529750344831371
0.7480276632909111,1.4836417644739242,0.018305732636073282,-1.1912172737627376,0.45312746699970535,-1.2146144948481525,-0.555229260015255,0.7989690563614881
0.10041153196223733,-0.6613824733197009,1.2386879083743,-0.2740298550882021,0.9492690557909967,-1.2146144948481525,-1.239289949972448,0.1032113006119133
1.0637405273136396,-1.3763905525842426,-1.2020764431021536,0.4500654754443258,-1.0582846400508115,0.004062255835612509,0.47086177492053466,0.8992016518470929
1.1495496647146888,1.4836417644739242,1.2386879083743,0.4500654754443258,-0.11093718706353965,1.2227390065193775,0.1288314299419381,1.3662611227773334
-1.3534866828706353,-1.3763905525842426,0.018305732636073282,-0.660214031372217,-1.0241785849331106,0.004062255835612509,1.4969528098563243,-1.579117297494314
-0.6208709343050731,0.053625605944840754,-1.2020764431021536,0.9810687178348463,0.7163592843791341,-1.2146144948481525,1.4969528098563243,-0.4946561960326003
-0.5990138898727304,1.4836417644739242,1.2386879083743,0.6914305856218351,1.3305772607589819,-1.2146144948481525,1.4969528098563243,-0.2792438934562966
0.9099316961230796,1.4836417644739242,1.2386879083743,0.11215432119581277,-1.476142873691213,0.004062255835612509,-0.8972596049938515,0.8952259250009346
-1.0661070245935362,0.053625605944840754,1.2386879083743,0.3535194313733221,-1.7450893274824817,0.004062255835612509,0.1288314299419381,-1.1341584709720332
-0.042873537094231744,0.053625605944840754,-1.2020764431021536,-0.99812518562073,0.5088445454743281,0.004062255835612509,-0.555229260015255,-0.13936316839765364
-1.2498681018580475,-0.6613824733197009,1.2386879083743,1.415525916154363,-1.586589255051042,1.2227390065193775,1.1549224648777277,-1.208640299733927
0.7415515019776244,0.7686336852093825,1.2386879083743,0.0638812991603109,-0.3114483755982176,-1.2146144948481525,-0.21319891503665842,0.767610437904772
-1.7590562851152174,-0.6613824733197009,0.018305732636073282,1.6568910263318724,-1.3658627537693204,0.004062255835612509,1.1549224648777277,-1.8016474288314648
-1.5315811189860207,1.4836417644739242,-1.2020764431021536,0.20870036526681648,0.1510355763316265,0.004062255835612509,1.4969528098563243,-1.453329497507992
-0.05987346054160943,0.053625605944840754,1.2386879083743,0.4017924534088239,1.709032408563387,0.004062255835612509,1.1549224648777277,0.1576920615977331
-1.755818204458574,0.7686336852093825,0.018305732636073282,-0.22575683305270025,-1.615432172146369,-1.2146144948481525,0.47086177492053466,-1.815189400257394
1.5405479040043757,0.7686336852093825,1.2386879083743,-0.5153949652657114,0.03730877873223796,-1.2146144948481525,1.4969528098563243,1.5701314669957382
0.9050745751381145,-0.6613824733197009,1.2386879083743,-0.22575683305270025,0.3818463330693556,0.004062255835612509,1.1549224648777277,0.9176551940057176
0.5731713078321692,-1.3763905525842426,-1.2020764431021536,-0.22575683305270025,0.17313227728402195,1.2227390065193775,0.47086177492053466,0.4903984253259855
0.64117100162168,-0.6613824733197009,-1.2020764431021536,0.739703607657337,0.35557038151446085,1.2227390065193775,0.8128921198991311,0.5985818953763495
0.48817169059528076,1.4836417644739242,1.2386879083743,1.6086180042963705,-0.8939789146426771,0.004062255835612509,-1.239289949972448,0.6400669673709534
1.6271665615695858,0.053625605944840754,1.2386879083743,-0.4188489211947077,0.3371212582070396,1.2227390065193775,0.47086177492053466,1.6019700525786964
-0.5107761919791985,0.7686336852093825,1.2386879083743,1.6086180042963705,0.8202420369568593,1.2227390065193775,-0.8972596049938515,-0.22972385347296875
-1.4109626145260552,1.4836417644739242,0.018305732636073282,0.49833849747982767,0.9626660871286387,1.2227390065193775,-1.5813202949510445,-1.1423056431758642
1.0435025232096184,0.053625605944840754,1.2386879083743,0.20870036526681648,0.02810755710910422,0.004062255835612509,-0.555229260015255,1.0980440367939979
-1.129249597398082,0.7686336852093825,0.018305732636073282,1.3189798720833592,-0.20368276019826795,0.004062255835612509,1.4969528098563243,-0.9273980373004016
0.8135987965879393,1.4836417644739242,-1.2020764431021536,0.8362496517283406,-1.7088010149084556,-1.2146144948481525,-1.239289949972448,0.8392843177338716
-0.21772989255297368,0.053625605944840754,-1.2020764431021536,1.2224338280123555,-0.8373560614328948,0.004062255835612509,-0.8972596049938515,-0.202766945649446
1.3567868267398644,0.7686336852093825,1.2386879083743,-0.5636679873012133,1.5444542241846622,0.004062255835612509,-1.5813202949510445,1.4875096461000143
1.00626459565822,-1.3763905525842426,1.2386879083743,-0.37057589915920586,0.6027153854556261,0.004062255835612509,0.8128921198991311,0.9822791547687707
0.8225035183937086,0.7686336852093825,1.2386879083743,-1.1912172737627376,1.4545796859198195,1.2227390065193775,1.4969528098563243,0.9190734766530921
0.3351723795688816,-0.6613824733197009,0.018305732636073282,0.3535194313733221,-0.6647991234526966,-1.2146144948481525,-1.239289949972448,0.32408926492118767
0.7366943809926594,1.4836417644739242,0.018305732636073282,-0.032664744910692815,1.2251967045572256,-1.2146144948481525,0.1288314299419381,0.9513004973278776
1.2337397617874164,-0.6613824733197009,-1.2020764431021536,-0.37057589915920586,-1.162295010094095,0.004062255835612509,1.4969528098563243,1.0130942807743417
-0.6079186116784996,-1.3763905525842426,-1.2020764431021536,1.6086180042963705,-0.12013343998125198,-1.2146144948481525,-0.8972596049938515,-0.6347599206237384
0.9771218697484295,0.7686336852093825,1.2386879083743,1.4637989381898648,1.137644612385041,-1.2146144948481525,0.1288314299419381,1.274996911095072
0.38131502892604957,-0.6613824733197009,-1.2020764431021536,0.9327956957993444,-0.9318491328136657,-1.2146144948481525,0.47086177492053466,0.26774508589067086
-1.2150587347991313,-0.6613824733197009,0.018305732636073282,-1.3843093619047449,-0.6474544116198014,-1.2146144948481525,1.4969528098563243,-1.4692174872733683
-0.004016569214511315,-0.6613824733197009,0.018305732636073282,-0.5636679873012133,1.364635118073309,0.004062255835612509,0.1288314299419381,0.04045563781813551
-1.4101530943618943,0.7686336852093825,1.2386879083743,1.5120719602253667,-1.0238107930415061,-1.2146144948481525,0.1288314299419381,-1.3064608249683336
-0.821631935016962,0.053625605944840754,0.018305732636073282,1.0293417398703482,0.03421020410158547,0.004062255835612509,0.1288314299419381,-0.705835697061015
-0.18292052549405746,1.4836417644739242,-1.2020764431021536,0.8362496517283406,-1.0340951894232282,-1.2146144948481525,0.8128921198991311,-0.17491217218664643
0.4744098478045464,0.7686336852093825,0.018305732636073282,-0.5636679873012133,-0.6273932232448768,-1.2146144948481525,-1.239289949972448,0.36827977426541375
0.08422112867902048,1.4836417644739242,-1.2020764431021536,-0.660214031372217,0.5190549315558685,1.2227390065193775,0.1288314299419381,0.10903241064015769
-0.7860130477938849,0.7686336852093825,0.018305732636073282,-0.1774838110171984,1.3498962170460524,1.2227390065193775,0.47086177492053466,-0.668021319122376
0.9941217931958072,-0.6613824733197009,1.2386879083743,-0.322302877123704,0.5758913616943689,1.2227390065193775,0.1288314299419381,1.0518037545107626
-0.004826089378672157,-0.6613824733197009,0.018305732636073282,-0.12921078898169652,-0.24144429171069975,0.004062255835612509,0.1288314299419381,-0.051811577563032125
0.9431220228536741,0.053625605944840754,0.018305732636073282,-0.8533061195142244,1.7069395122319404,1.2227390065193775,-0.21319891503665842,1.0238252388112377
0.527838178639162,-1.3763905525842426,-1.2020764431021536,-0.7567600754432208,0.03415548148173788,0.004062255835612509,-1.5813202949510445,0.3764593164202048
0.10203057229055902,-0.6613824733197009,0.018305732636073282,0.6431575635863332,-1.735772651051188,-1.2146144948481525,0.8128921198991311,-0.007029757999005465
1.452310206110844,-0.6613824733197009,-1.2020764431021536,-1.6256744720822542,-0.46007518540618497,1.2227390065193775,-1.239289949972448,1.1921970893928602
0.35702942400122434,-0.6613824733197009,1.2386879083743,-1.7704935381887599,1.174891067821091,1.2227390065193775,-1.239289949972448,0.2533767043293426
-0.19425380779230925,-0.6613824733197009,-1.2020764431021536,0.49833849747982767,0.6139991486255786,-1.2146144948481525,0.1288314299419381,-0.22928866682615118
-0.7633464831973813,-0.6613824733197009,-1.2020764431021536,1.415525916154363,-0.5655938798268688,-1.2146144948481525,-0.21319891503665842,-0.7253448590831101
-1.6821518695199373,1.4836417644739242,-1.2020764431021536,0.4017924534088239,0.8778421985195501,1.2227390065193775,-1.239289949972448,-1.5270285185837196
-1.1389638393680122,-0.6613824733197009,-1.2020764431021536,-0.322302877123704,-1.6863408412776566,-1.2146144948481525,-0.21319891503665842,-1.3875658869942276
-0.47596682492028236,-1.3763905525842426,0.018305732636073282,-0.5153949652657114,-0.7832586394465059,-1.2146144948481525,-1.5813202949510445,-0.665114048976571
-1.3130106746625931,-1.3763905525842426,1.2386879083743,0.9810687178348463,-1.4369255000528292,0.004062255835612509,-0.8972596049938515,-1.3368476547874117
1.4490721254542005,1.4836417644739242,1.2386879083743,-1.4325823839402467,-1.6920296693265109,-1.2146144948481525,1.4969528098563243,1.3066505648848812
0.4104577548358399,1.4836417644739242,1.2386879083743,0.7879766296928388,0.9758387608208814,1.2227390065193775,0.47086177492053466,0.5556791111969986
0.5092192148634627,0.053625605944840754,1.2386879083743,0.9327956957993444,0.7074048158180904,-1.2146144948481525,1.4969528098563243,0.6111174189488658
1.0645500474778005,0.053625605944840754,1.2386879083743,-0.7084870534077189,-1.482466267013586,1.2227390065193775,0.1288314299419381,0.9915944362788159
-0.28087246535751936,1.4836417644739242,1.2386879083743,-0.7084870534077189,0.09533532598005515,1.2227390065193775,1.4969528098563243,-0.1936029866548209
1.205406556041787,0.053625605944840754,0.018305732636073282,-1.1429442517272357,-1.3357923676629104,0.004062255835612509,-1.239289949972448,0.9722489340089046
0.30602965365909124,-0.6613824733197009,-1.2020764431021536,-1.5774014500467524,-1.2607165648015661,1.2227390065193775,-0.21319891503665842,0.017251136626034183
0.7472181431267503,0.053625605944840754,-1.2020764431021536,0.4017924534088239,1.6590059104705348,-1.2146144948481525,1.1549224648777277,0.8221574108697131
0.8751223290641633,0.7686336852093825,0.018305732636073282,1.367252894118861,-0.7865763144815276,0.004062255835612509,-0.8972596049938515,0.929480885894297
0.9568838656444084,-1.3763905525842426,-1.2020764431021536,0.9810687178348463,0.9906294926240911,-1.2146144948481525,-0.21319891503665842,0.895910911075551
1.8020229170283277,0.053625605944840754,0.018305732636073282,-1.046398207656232,-0.40838394660580585,0.004062255835612509,-0.8972596049938515,1.6440370374380322
-0.5609664421571707,-0.6613824733197009,1.2386879083743,1.07761476190585,-1.047116593664166,1.2227390065193775,0.8128921198991311,-0.542206358902251
-1.3364867594232577,0.7686336852093825,0.018305732636073282,0.5948845415508314,-1.6045147014110077,1.2227390065193775,0.47086177492053466,-1.364121865220194
-0.5358713170681847,0.053625605944840754,-1.2020764431021536,1.6086180042963705,-1.7300588351648147,0.004062255835612509,1.4969528098563243,-0.547975097047453
1.215930318175878,0.053625605944840754,-1.2020764431021536,-1.2394902957982392,1.3087789255585915,1.2227390065193775,-0.21319891503665842,1.3025247923517997
0.18055402821416072,-1.3763905525842426,0.018305732636073282,-0.08093776694619467,0.944092720605863,1.2227390065193775,0.1288314299419381,0.21664113044034708
-0.10196850907797322,-0.6613824733197009,1.2386879083743,0.49833849747982767,1.4063101099443291,-1.2146144948481525,0.47086177492053466,0.050275654353078465
0.0154119147253489,-1.3763905525842426,0.018305732636073282,1.3189798720833592,-0.8882582835266126,1.2227390065193775,1.1549224648777277,0.03474484829598947
0.35136278285209843,-1.3763905525842426,-1.2020764431021536,-0.46712194323020956,0.4024939888575672,-1.2146144948481525,-0.21319891503665842,0.21129560944818637
-1.457914784047384,-1.3763905525842426,0.018305732636073282,-0.5153949652657114,-0.024047012874661263,0.004062255835612509,0.8128921198991311,-1.5182945195586603
0.2639346051227275,-1.3763905525842426,1.2386879083743,1.125887783941352,-1.6617213806871813,-1.2146144948481525,-1.239289949972448,0.16581310706423327
1.255596806219759,0.7686336852093825,-1.2020764431021536,-0.5636679873012133,-1.215476036964462,1.2227390065193775,0.8128921198991311,1.153428666902933
1.1989303947285002,0.053625605944840754,1.2386879083743,-1.1429442517272357,-1.0015398316864232,1.2227390065193775,0.1288314299419381,1.0972741956713499
-0.2355393361645122,-1.3763905525842426,1.2386879083743,0.20870036526681648,-1.5334697921164775,0.004062255835612509,0.1288314299419381,-0.38398077736736935
0.28660116971923105,0.7686336852093825,0.018305732636073282,1.367252894118861,0.9095658340766277,0.004062255835612509,1.4969528098563243,0.47850961423569766
-1.7833418900400426,1.4836417644739242,1.2386879083743,1.4637989381898648,0.06500455700196567,1.2227390065193775,-0.555229260015255,-1.4656293292609204
-0.22744413452290377,0.7686336852093825,-1.2020764431021536,-0.4188489211947077,-0.30798152160753667,-1.2146144948481525,0.47086177492053466,-0.2622207432868664
-1.16567800478532,-1.3763905525842426,0.018305732636073282,1.367252894118861,-0.49072737432144986,-1.2146144948481525,-0.8972596049938515,-1.1854522636783762
1.5211194200645155,0.7686336852093825,-1.2020764431021536,1.1741608059768538,1.7265254494853657,0.004062255835612509,0.47086177492053466,1.747385702294909
-1.032107177698781,0.7686336852093825,-1.2020764431021536,1.2707068500478573,-0.2560035165593969,0.004062255835612509,-1.239289949972448,-0.9720324878592287
-0.3253960743863657,-0.6613824733197009,0.018305732636073282,-0.032664744910692815,-0.1350991252687684,-1.2146144948481525,1.4969528098563243,-0.3950145752434085
-1.0385833390120678,1.4836417644739242,-1.2020764431021536,1.07761476190585,-1.1817174292271786,0.004062255835612509,0.1288314299419381,-0.9956266761668936
0.8314082401994779,-1.3763905525842426,-1.2020764431021536,-0.032664744910692815,-0.5340443558152097,-1.2146144948481525,-1.5813202949510445,0.6954960871114857
0.5877426707870643,-1.3763905525842426,-1.2020764431021536,1.125887783941352,-1.2647186391911394,1.2227390065193775,1.1549224648777277,0.46048434665414056
-0.17725388434493156,1.4836417644739242,1.2386879083743,-1.8187665602242618,-1.1228467600672658,1.2227390065193775,0.47086177492053466,-0.24706360994093016
-1.1689160854419633,0.7686336852093825,-1.2020764431021536,-0.08093776694619467,1.265708580594478,0.004062255835612509,0.1288314299419381,-0.9862405907893363
1.4264055608576969,-0.6613824733197009,-1.2020764431021536,1.5120719602253667,1.6875285986928805,1.2227390065193775,0.1288314299419381,1.669896871519078
0.8581224056167857,0.053625605944840754,0.018305732636073282,0.8845226737638425,-0.30305693676558354,-1.2146144948481525,-1.5813202949510445,0.8713550928669787
-1.1438209603529772,-0.6613824733197009,1.2386879083743,0.9810687178348463,1.6312178784341143,0.004062255835612509,-0.8972596049938515,-0.9560783241316265
0.9585029059727301,0.7686336852093825,0.018305732636073282,-0.8050330974787225,-0.03685661387470814,1.2227390065193775,-0.555229260015255,0.9686650985060735
-1.5404858407917899,1.4836417644739242,1.2386879083743,1.1741608059768538,-1.2992962146115468,-1.2146144948481525,0.47086177492053466,-1.4366007558032334
-1.3016773923643414,-1.3763905525842426,0.018305732636073282,-1.4808554059757486,0.031877229685186304,1.2227390065193775,-0.8972596049938515,-1.4366884381689895
0.6087901950552462,1.4836417644739242,1.2386879083743,-1.046398207656232,0.9738460257195014,-1.2146144948481525,1.4969528098563243,0.715927191739993
-1.2425824203806,0.7686336852093825,1.2386879083743,-1.1429442517272357,-0.5714033410579055,1.2227390065193775,1.1549224648777277,-1.2480312778199079
-0.8888221086423119,1.4836417644739242,-1.2020764431021536,-0.46712194323020956,1.0343011450530417,1.2227390065193775,1.1549224648777277,-0.7707083780729789
-1.6335806596702866,-1.3763905525842426,1.2386879083743,-0.12921078898169652,-1.7052438176389184,0.004062255835612509,0.47086177492053466,-1.852990398064997
-0.626537575454199,0.7686336852093825,1.2386879083743,0.0638812991603109,-0.5686843713827087,-1.2146144948481525,0.47086177492053466,-0.5883978144125149
-1.3122011544984324,0.053625605944840754,-1.2020764431021536,0.49833849747982767,-0.343948559293271,0.004062255835612509,-1.239289949972448,-1.3118491636477603
0.26150604463024496,-1.3763905525842426,0.018305732636073282,-1.6256744720822542,0.22346096602330215,1.2227390065193775,0.47086177492053466,0.12687610782431538
-1.169725605606124,-0.6613824733197009,1.2386879083743,-0.322302877123704,0.5279160893098762,1.2227390065193775,-0.21319891503665842,-1.0544922110113701
-1.7023898736239584,-0.6613824733197009,0.018305732636073282,-0.2740298550882021,-0.36291012393897765,1.2227390065193775,0.8128921198991311,-1.7569777240007078
-0.595775809216087,-0.6613824733197009,1.2386879083743,1.2224338280123555,0.9745513689310659,0.004062255835612509,-1.5813202949510445,-0.44978612452390854
-0.32701511471468736,-1.3763905525842426,1.2386879083743,0.9810687178348463,0.4079462666378806,-1.2146144948481525,0.1288314299419381,-0.32167575073651067
-1.719389797071336,1.4836417644739242,-1.2020764431021536,1.0293417398703482,-0.5979567790570044,0.004062255835612509,0.47086177492053466,-1.5834954800007772
-0.7358227976159127,-1.3763905525842426,0.018305732636073282,0.0638812991603109,-0.9515223910932443,-1.2146144948481525,0.8128921198991311,-0.9329925447952908
0.830598720035317,-1.3763905525842426,-1.2020764431021536,0.015608277124809049,1.727469331435643,-1.2146144948481525,-1.239289949972448,0.7805853143879843
-1.5081050342253561,0.053625605944840754,1.2386879083743,-1.4808554059757486,-1.2083847831375503,-1.2146144948481525,-0.21319891503665842,-1.6442668375038805
-0.01939745233356732,0.7686336852093825,0.018305732636073282,-0.322302877123704,-0.4368558851480498,0.004062255835612509,-0.21319891503665842,-0.012542005644302702
-1.576104728014867,0.7686336852093825,-1.2020764431021536,1.4637989381898648,-1.323302530242296,1.2227390065193775,-1.239289949972448,-1.492875573973342
-1.827865499068889,-0.6613824733197009,-1.2020764431021536,0.8362496517283406,0.9810855914068812,-1.2146144948481525,-0.8972596049938515,-1.7194855316704352
1.062121486985318,1.4836417644739242,1.2386879083743,0.9327956957993444,-1.0025038724909276,0.004062255835612509,1.4969528098563243,1.202106358460382
-1.1842969685610194,-0.6613824733197009,1.2386879083743,-1.336036339869243,-0.24357657347680362,0.004062255835612509,1.1549224648777277,-1.325772230204746
1.7502136265220338,0.053625605944840754,1.2386879083743,-0.8050330974787225,1.0108159963737602,1.2227390065193775,-0.21319891503665842,1.8143248771778564
1.0095026763148631,-1.3763905525842426,-1.2020764431021536,1.2224338280123555,-0.93918694392399,-1.2146144948481525,1.4969528098563243,0.8473662260859803
-0.21611085222465198,-0.6613824733197009,0.018305732636073282,0.11215432119581277,-1.5822833015716316,0.004062255835612509,0.8128921198991311,-0.368637618249255
-0.2185394127171345,0.053625605944840754,-1.2020764431021536,0.5948845415508314,-0.8739330648563253,1.2227390065193775,0.47086177492053466,-0.21711006826133997
-1.3470105215573487,1.4836417644739242,-1.2020764431021536,-0.12921078898169652,0.7872811668536712,0.004062255835612509,-1.5813202949510445,-1.3165044110842696
0.651694763755771,0.7686336852093825,1.2386879083743,-1.4325823839402467,-1.6149841648252086,0.004062255835612509,-0.8972596049938515,0.4803434387160237
0.02350711636695732,0.053625605944840754,-1.2020764431021536,0.5948845415508314,-0.007290887825883713,0.004062255835612509,-1.239289949972448,0.04866664236212108
-0.7439179992575211,-0.6613824733197009,0.018305732636073282,-1.722220516153258,0.06149742241940615,-1.2146144948481525,0.8128921198991311,-0.9091288527075817
1.8044514775208103,-1.3763905525842426,1.2386879083743,1.2707068500478573,1.1627069990310899,0.004062255835612509,-1.5813202949510445,1.972854744154272
-1.3494390820498312,-1.3763905525842426,-1.2020764431021536,-0.5636679873012133,0.4750955013586781,0.004062255835612509,-1.239289949972448,-1.4727753730951691
-0.29058670732744946,-0.6613824733197009,0.018305732636073282,-0.6119410093367151,-1.2687470944929706,-1.2146144948481525,0.8128921198991311,-0.5292761778990813
0.3335533392405599,-1.3763905525842426,0.018305732636073282,0.5466115195153295,0.16819919826586038,0.004062255835612509,1.4969528098563243,0.29770379387965684
0.6525042839199318,0.053625605944840754,1.2386879083743,0.3535194313733221,-1.6136936577874268,0.004062255835612509,-1.239289949972448,0.5647235128657296
1.5114051780945854,-0.6613824733197009,1.2386879083743,-1.5774014500467524,-1.3611025487260813,-1.2146144948481525,-0.8972596049938515,1.2231778144259475
-1.6538186637743078,-0.6613824733197009,0.018305732636073282,-0.2740298550882021,0.4349218797646199,-1.2146144948481525,-0.21319891503665842,-1.6585676643787501
-0.38449104637010717,-1.3763905525842426,1.2386879083743,-1.8187665602242618,1.6646727510675114,1.2227390065193775,0.1288314299419381,-0.5015214371961533
-0.7317751967951085,0.7686336852093825,0.018305732636073282,0.3535194313733221,-0.13844074092134065,1.2227390065193775,-0.555229260015255,-0.633373726086586
0.7205039777094425,0.053625605944840754,-1.2020764431021536,-1.287763317833741,0.1642357290710875,-1.2146144948481525,1.4969528098563243,0.5523335614462411
0.5221715374900362,0.053625605944840754,0.018305732636073282,-1.046398207656232,1.5462653341402475,1.2227390065193775,1.4969528098563243,0.5389582701571638
0.8953603331681844,0.7686336852093825,0.018305732636073282,-0.08093776694619467,-1.741472820883864,0.004062255835612509,1.1549224648777277,0.7680378443083539
-1.1502971216662639,0.7686336852093825,0.018305732636073282,1.4637989381898648,-0.8535589228164947,0.004062255835612509,0.8128921198991311,-1.0319949477913941
1.497643335303851,1.4836417644739242,-1.2020764431021536,0.8362496517283406,1.2452559800806995,-1.2146144948481525,-0.555229260015255,1.6395089024807383
1.056454845836192,-1.3763905525842426,-1.2020764431021536,0.7879766296928388,1.3754682060206622,-1.2146144948481525,-0.21319891503665842,1.1215474734900508
-0.5633950026496533,0.7686336852093825,-1.2020764431021536,0.5466115195153295,0.9506532168685783,0.004062255835612509,-0.555229260015255,-0.4013863669153647
1.7445469853729079,0.7686336852093825,-1.2020764431021536,1.4637989381898648,1.1484237366732122,1.2227390065193775,-1.239289949972448,1.9956662538403704
0.45093376304388205,-1.3763905525842426,-1.2020764431021536,1.2707068500478573,-1.6166847831675764,1.2227390065193775,0.8128921198991311,0.3531063639666849
1.3818819518288505,-0.6613824733197009,0.018305732636073282,1.6568910263318724,0.5056291375731724,-1.2146144948481525,-1.239289949972448,1.5055422791200348
0.2396490001979022,-0.6613824733197009,0.018305732636073282,-1.5291284280112505,1.2475242250463783,1.2227390065193775,-0.8972596049938515,0.15414778015380481
-1.524295437508573,-1.3763905525842426,1.2386879083743,-1.1429442517272357,1.0227817992981816,0.004062255835612509,-1.239289949972448,-1.5664080408077106
0.5310762592958054,0.053625605944840754,-1.2020764431021536,-1.336036339869243,1.4118406357785103,-1.2146144948481525,-1.239289949972448,0.4878496312997519
0.3772674281052454,-0.6613824733197009,0.018305732636073282,-1.5774014500467524,0.09592256324083942,0.004062255835612509,-0.555229260015255,0.20484747483446034
1.7332137030746562,-0.6613824733197009,1.2386879083743,1.6568910263318724,-0.7177593036796556,0.004062255835612509,1.1549224648777277,1.7958924852140916
1.6789758520758797,-0.6613824733197009,-1.2020764431021536,0.25697338730231833,-0.5225188677472886,-1.2146144948481525,-1.5813202949510445,1.5132660797329314
-1.1260115167414386,1.4836417644739242,-1.2020764431021536,0.20870036526681648,-0.6948493244982595,0.004062255835612509,0.1288314299419381,-1.0954426178888808
0.4290767186115393,-1.3763905525842426,1.2386879083743,0.7879766296928388,-0.16901997437737898,0.004062255835612509,1.1549224648777277,0.5241207197011156
-0.4322527360555969,1.4836417644739242,1.2386879083743,1.07761476190585,1.0488225201272108,1.2227390065193775,-0.21319891503665842,-0.14197320610832184
-0.7714416848389898,-0.6613824733197009,0.018305732636073282,0.6914305856218351,-1.3523859713856696,1.2227390065193775,-0.21319891503665842,-0.8133659939223195
0.543219061758218,0.053625605944840754,-1.2020764431021536,-0.37057589915920586,0.47226216775319146,1.2227390065193775,0.8128921198991311,0.5151655422896667
1.7178328199556,0.7686336852093825,0.018305732636073282,0.16042734323131463,1.609791072122864,1.2227390065193775,0.8128921198991311,1.8187480101353934
-1.1899636097101451,-0.6613824733197009,1.2386879083743,-0.8533061195142244,-1.2575088448635887,1.2227390065193775,-1.5813202949510445,-1.2979093128726138
-1.4490100622416147,1.4836417644739242,-1.2020764431021536,-1.5291284280112505,-0.7537189302589375,1.2227390065193775,-1.5813202949510445,-1.5805008508035008
-1.7817228497117208,-1.3763905525842426,1.2386879083743,1.07761476190585,-1.305977333642965,-1.2146144948481525,-1.5813202949510445,-1.8032553569894207
-1.2701061059620686,0.053625605944840754,0.018305732636073282,1.1741608059768538,0.8615775280009924,1.2227390065193775,-0.21319891503665842,-1.0525041080668238
-0.06392106136241364,-0.6613824733197009,1.2386879083743,0.4500654754443258,-0.36741236088871165,-1.2146144948481525,1.4969528098563243,-0.029609899872996948
-1.1446304805171381,1.4836417644739242,1.2386879083743,0.4017924534088239,-0.6699709445595696,0.004062255835612509,-1.5813202949510445,-1.0208984146590303
-0.8621079432250041,-0.6613824733197009,1.2386879083743,0.3052464093378202,0.03188728506109974,-1.2146144948481525,0.8128921198991311,-0.8291176962686568
1.1009784548650383,-1.3763905525842426,0.018305732636073282,0.11215432119581277,1.1350669034366403,0.004062255835612509,-0.555229260015255,1.1090403278401895
-0.9042029917613679,1.4836417644739242,0.018305732636073282,1.6568910263318724,1.043100634817352,1.2227390065193775,1.1549224648777277,-0.5409599173974746
-1.1672970451136415,0.053625605944840754,-1.2020764431021536,-1.4808554059757486,0.587880252335256,0.004062255835612509,-0.21319891503665842,-1.2771616356350057
1.457167327095809,-0.6613824733197009,0.018305732636073282,0.015608277124809049,-0.16737268293441035,-1.2146144948481525,0.1288314299419381,1.3153632153487054
-0.9001553909405636,-0.6613824733197009,1.2386879083743,0.4500654754443258,-0.1887625163805521,1.2227390065193775,-0.21319891503665842,-0.8520170300263655
